factorA,factorB,factorC,factorD,factorE,tag
1389.5556,231.6033915,78.12502701,-21.65108776,30.24043104,van
1241.810612,237.8642265,61.95355918,-23.07892858,23.1624505,van
1821.152326,197.1470181,38.72931403,0.196072305,36.54245641,saab
1198.635242,283.1925916,76.27168472,-23.16229758,28.67979442,van
1383.141021,174.6705404,189.8291142,-19.08440717,14.8518246,bus
2257.507955,93.43006431,-41.33965985,39.50870556,49.39188967,bus
1320.601513,258.4846371,71.74156417,-36.01215291,34.19402338,bus
1176.915552,253.1087294,85.18957534,-38.70566197,35.95891781,van
992.9433015,295.7266357,85.48790589,-25.70105191,24.99154311,van
1550.266022,255.0263172,56.76105908,8.196066065,34.69122223,saab
1086.106914,271.3305413,80.25176394,-23.62267094,28.13331326,van
1001.507068,285.9569732,75.40258351,-16.50552848,14.56029719,saab
1324.465877,226.7125972,77.80013088,-27.61774114,33.84560111,bus
1268.619951,231.248772,62.5027336,-21.27542903,24.94638043,van
1536.993541,228.3036695,70.94602237,-22.83713859,44.78545516,bus
1824.946692,173.8953702,38.59128026,-8.178923766,48.19268582,opel
936.6575559,226.5113007,72.33323632,-29.85005001,19.37539842,van
1498.134448,250.4661524,67.06255914,3.117943069,36.68342183,bus
1872.491778,173.16865,18.190701,9.372867818,42.48314607,saab
1854.692599,184.3860413,43.49911429,1.243377263,46.35394542,opel
1296.541987,210.212566,69.95924035,-27.27064166,39.71219685,bus
972.3697576,218.8447204,81.09247713,-39.62959824,24.97049209,van
1287.031634,257.1887999,81.05786019,-37.6992755,36.93780235,bus
1171.08416,251.6048853,74.56627681,-25.89373609,35.90901694,bus
1819.637987,206.9111186,46.67435319,2.458584082,50.24660484,saab
1255.233484,231.8021179,76.3569367,-30.6584119,37.2569633,van
1001.011062,213.8362236,75.86098054,-35.76079499,24.96678707,saab
1899.945339,191.6559501,25.74108849,27.8331847,36.33635745,saab
1635.913326,220.3467975,46.51630392,8.42648915,38.57915817,bus
1163.112698,203.8647777,63.34791829,-16.32003971,16.87046864,saab
1314.380362,226.2023152,72.6185767,-24.35599841,31.39452358,van
1191.110847,264.7611616,70.88393809,-33.17647824,26.53094965,saab
1146.602558,279.2136539,71.77397582,-15.76858143,26.22692067,opel
1834.088851,222.12308,43.8910481,33.84907244,26.52373493,opel
1340.17228,277.3637093,65.6716149,10.95582281,26.25423172,opel
1358.397774,244.5603556,70.42864103,-37.06458891,26.81395485,van
1234.00658,182.4291727,52.23892254,-29.25079331,34.32826701,bus
1571.815135,225.3765898,239.8895385,-6.605361111,28.18497287,van
1872.141741,171.3602408,9.215758163,12.53469467,45.67135182,saab
1279.921167,212.6856713,86.99168288,-36.26172007,37.42100656,bus
1785.868396,199.0772506,46.60745337,12.73461004,41.75403445,opel
932.4064821,217.1767353,70.77037244,-31.72991846,13.14001536,van
1340.830228,201.0515416,52.83838282,-31.62362305,33.18103295,van
1355.431959,254.8985218,71.3108388,-5.47217006,34.2852875,saab
1912.538486,206.803986,30.81501984,-11.9995881,40.0311249,saab
1347.939708,200.6720086,60.64703983,-29.08619751,36.28818124,van
1111.101307,238.1560549,71.88482786,-35.70654813,30.70134881,van
1196.545486,184.4423846,59.30502612,-24.07167208,22.95886815,bus
1319.740855,207.299095,67.90580075,-29.39072147,28.86691101,van
1397.736913,254.9045527,62.41639197,-16.35942614,39.93666937,saab
1110.336705,206.543643,57.30884225,-24.27322601,30.28082197,saab
1266.236071,257.8074806,78.30407992,0.978218958,22.10108648,saab
1902.179042,185.8542373,47.05036171,3.700439571,52.21591105,opel
1277.185907,274.4233469,77.76780512,-27.37819855,32.2136482,bus
2231.359485,115.3257568,-34.06282174,59.79343281,38.92572888,bus
1094.941171,291.8802175,80.37329165,-34.52260495,28.74409982,van
1564.921992,238.6910886,54.00092151,2.660067367,38.32582503,saab
1297.037921,203.928168,54.18636045,-28.18612185,30.00000761,van
1849.400062,211.1339661,41.37815747,4.713460468,52.93450669,opel
1038.551164,224.3116521,65.35387913,-35.72627933,22.38915846,van
1698.376246,239.4203217,49.05948551,-1.862987798,44.62417627,opel
1042.884826,231.4046175,77.5927868,-26.32329912,12.39700649,opel
1106.501151,216.0483875,60.82572999,-28.70784135,17.14131288,van
1236.460146,214.1190167,80.85316074,-26.692167,34.70786125,bus
1584.583544,226.3979761,62.35304568,-0.790051932,45.81097326,bus
1205.577762,220.5567657,64.23307497,-34.49456329,20.90039398,opel
1207.723317,190.6408136,61.62782628,-21.54132215,21.68504633,bus
1976.734003,180.2698819,28.91924337,20.14536596,43.73010609,opel
1234.991773,245.8244133,86.53954829,-27.59899648,33.43064159,van
1681.976803,216.3186175,65.48347393,-4.458043488,44.97790976,bus
1840.425034,155.854711,6.003168497,5.849936237,45.751155,opel
1982.670895,190.7788125,30.88471528,20.76714526,35.88323872,opel
1471.90259,252.8081689,59.84020293,12.97556117,28.20351738,opel
973.8531586,206.6942861,72.43710939,-28.01767583,21.73686364,opel
1270.423743,237.8121939,66.2459941,-17.65163426,17.07761624,van
1718.177803,211.0367432,44.3323532,-6.457672596,44.55318939,opel
1415.163943,229.7969583,58.10252657,3.169744988,35.23422232,saab
1208.559929,198.7136137,71.24361212,-26.92742859,33.70577936,saab
1844.85288,187.7150752,32.41426438,1.00778148,43.78354363,bus
1224.128096,170.7738613,50.32984395,-34.53618377,28.58297935,bus
1289.8881,212.4754163,74.83404074,-33.84962228,40.62381846,bus
1838.688534,180.9734779,31.2691254,13.29248003,43.20887083,bus
1036.225214,265.61553,70.95606622,-30.73834912,31.12833351,van
1180.813544,227.0057519,61.68873666,-6.055331407,12.17703981,opel
1275.460765,259.5067067,96.38099928,-17.05286507,34.16283144,bus
2308.299168,96.90238044,-46.62752982,45.12037719,45.44418526,bus
1247.546973,235.9375149,63.52918571,-17.70223475,24.75622825,van
964.1788664,241.2931816,72.55473412,-35.09759074,25.55911749,van
1459.6259,259.4894706,81.99565857,-1.952380139,37.10401285,bus
980.6770088,217.0873991,74.34176914,-35.34426988,21.73640716,opel
1945.007353,190.1311831,35.14881682,11.75037563,47.63417335,saab
1388.317108,234.6480149,49.11611232,-1.997352589,25.04086833,opel
1747.159264,196.5537879,32.89544697,-8.45671912,38.56293462,saab
1360.819694,215.9907367,70.28412769,-22.95615981,29.78254586,van
1221.233703,215.1547815,78.10401109,-33.25464478,37.0627422,bus
1881.662579,196.9338262,30.87411838,27.7250506,31.32606919,opel
1219.636021,226.0320407,70.59739898,-33.04491049,18.77454842,saab
1252.128502,223.6388675,72.17360618,-22.57380075,31.53377535,bus
1760.095758,229.2254178,49.30000072,30.21531139,25.69682517,opel
1203.647616,184.9172743,60.79241572,-24.48802335,25.86530552,bus
1414.05803,201.6794894,227.8585785,-20.64365971,30.73218596,bus
1290.808149,267.9264887,76.91981282,-28.26717278,30.45255213,van
1114.075737,252.3240562,84.10860782,-48.27906159,24.73913645,van
966.4286279,256.4931711,85.20742552,-50.86598028,20.12791531,van
1658.724399,216.380272,47.8736961,28.44688441,31.4843047,bus
1913.144734,188.9844972,20.91874632,10.06258067,39.84327608,saab
1681.588541,251.7455272,48.37534906,32.09806336,28.87080868,opel
1213.116609,238.212914,71.01431733,-5.751113697,26.82127509,opel
1224.721678,196.2549948,65.61592856,-25.75153565,25.86463075,bus
1582.399681,226.6802669,58.76964507,-1.659458942,39.81651247,bus
1209.726662,252.9356397,82.06627597,-22.39362294,35.03207719,van
1341.555824,220.1646549,71.53341279,-23.87927705,30.27034358,van
1170.809656,224.1165674,69.72592095,-15.21846229,12.24141297,opel
927.3150737,237.985654,79.41602604,-53.76437256,13.84642618,opel
1283.495004,217.3903249,52.93795684,-25.84684849,21.49129153,van
1366.560845,228.4249896,66.94612235,-28.89900933,26.03532685,van
1748.054241,210.7702075,45.5393604,11.03171668,42.85240543,opel
1943.072818,204.1758733,31.13493674,23.18036147,28.54059001,saab
1209.499074,192.9712041,60.7257724,-26.79928673,22.13067692,bus
1502.285585,229.094259,58.12941444,-16.83473528,38.94016543,bus
1060.94392,219.8779882,61.83866678,-33.02768134,13.76130644,saab
1333.158689,201.7388596,58.25869322,-29.93344338,26.97353381,van
1221.552988,276.250793,77.07714379,-31.42078121,33.06037029,van
987.2445896,264.1622289,73.74359166,-37.52771493,4.595416988,saab
1226.050003,224.398575,77.07730529,-35.32459127,36.93373343,van
1324.235736,209.0629117,60.28683894,-37.81860946,24.60364027,van
1222.067933,222.6784432,73.65689001,-23.05053565,32.74666014,bus
1231.673674,227.1373858,88.70908407,-17.58187655,21.96312345,bus
1342.259572,252.2424996,74.17247851,-22.17180728,29.09037667,van
1737.63331,210.3374816,46.51145887,7.079384725,39.53292974,bus
1695.324763,206.2909207,35.00837321,3.620505537,30.66947188,saab
1220.547488,276.165759,72.74840145,5.999775037,20.15669673,saab
1570.411253,251.4710381,44.20869898,25.76823938,16.51349136,saab
1091.062482,225.6291363,61.80895982,-34.33958647,28.85533008,van
1812.809118,177.134938,4.052802667,16.9871542,25.6475023,opel
1552.306021,258.2320835,237.5685654,-7.326325848,32.35417967,van
1320.594225,195.8424097,56.32297961,-33.49487924,38.17792186,van
1131.218376,253.8625885,85.80083842,-43.80728343,32.90122347,van
1025.503106,238.3792773,73.86920392,-33.33604824,11.8465337,saab
1250.398599,248.5662957,78.84065511,-23.41858799,34.10233811,van
1272.185607,292.2522526,65.84768886,0.246745232,27.54640764,saab
1192.57183,183.8700916,62.54804501,-30.42421499,26.78371997,bus
1821.150605,227.3783161,18.66487203,43.81069644,27.25927602,opel
1211.745417,181.0861103,58.21468626,-26.91076986,28.61496549,bus
1415.405287,256.6565352,64.8875304,-15.63330869,27.7193492,opel
1936.215996,203.8836428,25.21447952,27.28493401,44.17325655,opel
1379.714488,228.4047198,64.94495346,-38.38541633,29.0491193,van
1243.936352,262.9761094,80.56352915,-12.80499137,27.06822656,bus
1302.731828,273.9605298,66.56352026,-29.30456266,28.35034975,saab
1139.06312,281.757146,90.79027212,-8.575870472,19.04687036,van
1649.485812,240.0885426,57.78890405,-5.922729063,43.69430508,saab
1582.209148,247.6891192,70.97814346,17.04574628,32.16150051,bus
1219.539864,299.9627991,74.34190092,1.047482145,18.91012021,opel
1808.13265,223.6663526,35.41625517,28.11275718,36.13776126,saab
1208.071252,245.5176614,78.08921566,-27.02135578,27.749498,van
2246.336714,127.8711833,-3.925053264,41.139403,52.99565944,bus
1190.565255,272.3645063,62.08339092,-9.771614009,17.23090176,opel
1084.291144,233.1707289,74.46918004,-41.80514879,28.70515963,van
1229.661264,247.0655509,64.29092428,3.561678712,18.24332177,saab
1273.835645,237.0284078,60.72512329,-42.67605221,29.87496629,opel
1048.426747,201.7108521,78.83403164,-31.71992476,31.9791678,opel
1778.827227,234.6416757,43.97880023,-8.297035694,39.14935876,opel
1380.211217,280.2628523,69.39573696,0.329264141,25.82710028,saab
1106.219746,248.2422999,74.21776197,-30.62695364,29.55322272,saab
1843.542881,180.2045994,19.41123421,21.6672173,36.23440143,opel
1860.308918,185.0182652,8.374463371,33.3429983,32.40433681,opel
1238.765483,295.0010085,65.40672517,-4.865172141,25.99560001,saab
1836.064216,204.5879759,17.64066619,0.993166797,36.48760728,saab
1222.19563,193.3614317,73.06104582,-32.85084957,38.08938679,bus
1063.689318,234.1407107,68.61900039,-24.88199819,23.93068479,van
1815.257787,209.8691804,25.51978087,8.311482497,43.80291147,opel
2134.274986,106.2832881,-38.44584668,37.82992886,45.81628136,bus
1263.985076,254.4076401,79.07076749,-34.37027851,25.90019048,van
1828.174375,179.179305,16.3350846,27.51994935,29.42664033,bus
1335.004605,214.4372252,65.38773464,-29.90213107,26.84475021,van
1330.081448,253.0923504,86.52911997,-6.505391618,34.60581478,bus
1462.283891,244.7147457,55.05196874,28.53394712,17.65575087,opel
1232.625124,241.8411799,78.94796267,-41.0402643,32.66427215,bus
1256.914307,276.0718007,81.29085732,-2.296111795,26.40230614,bus
1155.527654,215.3019901,72.84088252,-42.01195325,27.77685579,van
1864.916145,200.2003059,44.82656791,17.03735023,39.19470184,saab
960.2691936,228.1156965,76.0216838,-22.52894571,18.33784608,opel
1240.160983,267.0513543,82.24710079,-33.14097945,39.41854935,bus
931.4975164,246.1671347,78.66339285,-26.34104878,8.06546888,saab
1768.458334,214.1923582,42.9877347,4.819072019,38.33221172,saab
1499.584601,253.524657,70.72119192,7.71039922,29.75163689,bus
1421.438676,264.3264357,70.59852938,4.095370828,29.94077102,bus
1356.188633,229.5065654,62.41081988,-29.66728209,27.9687409,opel
1848.614425,192.8298077,38.64100532,16.90133259,35.83218469,opel
1293.665631,263.4647817,76.10810771,1.198272318,27.67921993,opel
1578.903441,245.0516857,53.70150027,-17.80126853,28.76031424,opel
1230.223863,249.4699181,84.46135985,-18.22723558,31.09011011,van
1263.754792,227.6226503,61.28760135,-40.25862637,30.34117408,saab
2129.311154,130.5598924,-7.309733938,25.32662106,54.94274905,bus
1305.80708,253.1714013,64.03612167,-3.790720028,20.68452051,saab
1239.688014,194.4475351,58.4577711,-21.32661404,25.00368767,bus
1942.702313,198.4992629,37.61110104,3.995772017,35.84687145,saab
1281.996496,203.4719374,72.11665147,-14.66416496,30.27760759,bus
1261.855727,185.3643334,57.51878988,-24.72533522,28.80996188,bus
1225.944028,196.8236483,68.47649142,-24.35092785,23.79624205,bus
1333.588909,221.6967102,73.99923217,-24.37671284,26.86986892,van
1266.435416,281.7828526,67.76183164,-0.068972942,23.64737612,saab
1899.839564,182.2302507,-6.585407642,6.766059393,37.60275095,opel
1850.962318,181.4127524,24.39460847,4.558688548,37.53454094,opel
1042.022851,272.1489383,79.09480992,-47.88654771,30.35207221,van
1267.17311,224.7657983,72.09974219,-31.03912355,36.94973632,van
1386.80669,236.057806,68.15242653,-17.44591268,36.98950691,opel
1197.131315,183.0646793,59.75551096,-27.43265868,31.50011667,bus
1258.249231,205.3905433,74.10897784,-33.17326162,32.13799616,bus
1845.912791,159.430846,8.721991616,2.198067485,48.36459943,opel
1420.099745,288.4501987,65.34392967,13.8867544,26.71036184,opel
1123.470143,254.4532269,83.29737886,-20.95762005,31.10433297,van
1261.090147,249.7766721,81.36488241,-13.83082146,27.97594563,bus
1808.712584,174.764072,5.602573849,30.17140498,35.82446406,bus
1116.667943,243.9653196,72.53635199,-23.54117519,32.63101315,opel
1339.444476,234.1548812,68.04185483,6.262775392,25.25402301,opel
1270.961144,205.4135351,65.04467367,-31.19429244,32.88331897,saab
1934.482725,182.4189001,34.07905633,7.371545804,50.28648084,opel
1231.953223,211.2246747,71.16554026,-32.77922069,38.29783651,bus
967.1325269,269.8581762,76.58991141,-55.38299489,19.53777614,van
1929.142739,178.4025317,23.75908015,10.77273154,51.21948688,opel
1312.684801,211.0351683,57.11630728,-19.25770261,25.99355265,van
1624.140441,217.2132034,55.24243396,-13.60540457,45.34209342,bus
1268.144514,195.6673264,64.42764898,-17.20063301,29.59621419,bus
1121.115117,222.1767056,67.89411247,-29.02046974,24.30653956,saab
1210.240108,267.0073883,77.31952862,-24.09964859,30.69601761,van
1903.250442,189.1264263,27.88153424,-1.546171335,44.24749408,saab
1075.355231,280.399356,83.5296582,-27.60047964,24.65291018,van
1840.88097,208.167841,38.01930348,7.850454849,30.24498906,saab
1225.875372,204.8881334,69.25037698,-25.94333769,30.27430289,saab
928.7053256,212.8112606,77.48432671,-36.52822631,20.2729159,van
882.6598691,227.8639447,82.1292202,-33.06010741,7.846485653,saab
1219.345148,177.9499726,55.25123442,-29.64690367,30.90443413,bus
1791.728457,199.3810745,24.64916753,21.61116962,36.84362552,saab
1166.000141,251.8869747,90.09060884,-35.99478814,26.49395393,van
1323.538747,196.6931838,53.79133091,-24.26777488,31.19925357,van
1375.591078,265.3814281,85.15125425,-3.544078045,40.00028592,bus
1233.764834,185.0059808,60.00892041,-26.45278076,31.16338128,bus
1921.824462,178.9182008,6.947664275,18.67797843,39.39289699,opel
1292.284707,194.3832523,63.51237449,-30.43892472,31.40857526,bus
1266.999123,282.8379564,70.46523213,1.148810956,23.69060538,opel
1357.444603,239.8266672,58.74202846,-24.98327861,28.1392773,opel
1197.334091,189.3787491,65.68680341,-33.66166266,28.7314972,bus
1908.856222,201.6753999,42.8447926,18.95003885,43.59206317,saab
1280.259799,191.9664401,48.74469803,-28.21727857,34.22823954,van
1141.84371,217.2579966,59.03395648,-23.78870915,21.48409765,van
1299.942433,283.4054499,88.84381816,3.383885765,28.11634252,bus
1383.923903,254.1246635,58.99227557,11.86320265,27.6603338,saab
1903.324245,180.8465354,32.42179674,7.67288303,42.19983573,opel
935.8562069,252.7530042,82.41886787,-26.07485719,17.57546369,saab
1079.901206,221.7835198,67.73660737,-35.57565325,19.60374152,van
1980.779347,179.1122393,35.86327152,1.641687306,50.39357702,opel
1283.338083,210.9653057,60.708878,-22.01761306,25.91948617,van
1239.097603,261.0238377,80.90154103,-38.19214512,31.27204314,bus
1334.322611,218.9464164,76.35876044,-24.64499822,33.29031293,van
1859.55576,204.881004,11.62878255,18.33185249,21.89039515,saab
1245.894553,268.890639,60.58285972,-5.784657649,23.86044292,saab
1259.425371,258.4244756,61.41399393,-27.86237816,22.14303676,opel
1739.046132,202.8835996,40.10252321,2.365631404,40.85641267,saab
1966.40243,173.6735601,21.38277456,8.241463384,51.0594757,opel
1016.01081,215.8266981,69.89787635,-26.88534699,21.6065953,saab
1456.2655,246.8687791,63.84209092,13.97183755,29.53238549,saab
1012.800177,258.8533915,76.28453943,-48.42098325,24.17559557,van
1027.231546,292.9258592,77.7873247,-20.60032724,20.41897587,van
1612.532496,249.3005607,45.95186078,-11.35178986,34.85331036,saab
1236.323712,195.2605928,57.75411014,-20.67055754,26.79401003,bus
1213.123166,181.1196628,53.14404426,-28.08531635,29.78742578,bus
1438.899193,257.7671654,63.43827467,-24.11094402,31.62245297,saab
1009.724177,284.3262573,83.73328713,-43.94010228,27.48727482,van
976.332443,221.431285,73.04696971,-31.99907778,26.17148347,van
1237.373134,197.8727615,79.62095142,-36.33975432,36.29307997,bus
1522.901913,234.5435948,67.93883468,-17.82281634,47.17657551,saab
1254.148775,272.2760742,69.27289335,-10.46979765,24.44313973,van
1247.557537,268.4992666,74.62539017,-30.82301681,31.93761172,van
2236.21692,112.2631845,-36.43769555,55.06780648,43.70797092,bus
1266.604289,250.8617634,92.19489944,-36.56155597,38.6991614,bus
1237.406918,206.7409288,63.16017533,-39.59594627,34.24339659,bus
1107.027509,213.3728361,68.69119212,-36.43969715,30.60244905,opel
1904.25718,215.0240993,35.88988562,22.4867926,27.90183552,saab
1274.985603,281.4062695,86.4946727,-10.12247371,34.65349005,bus
1562.382949,240.9702106,51.48724206,3.809114488,44.35571085,opel
1256.694829,219.6550312,75.03397805,-19.49424708,29.35980573,bus
1246.736466,185.1011762,55.91087362,-31.48761859,25.28106806,bus
1945.300173,220.5912102,33.52327852,16.92858106,27.47504221,saab
1282.115439,198.3027711,49.33544399,-24.41067403,23.4354276,van
1461.408968,240.4051402,64.44190025,-29.01572294,33.4956183,saab
1194.03389,242.6717668,79.69773593,-21.13194689,28.8523207,bus
1273.483689,218.1315568,58.37798165,-29.0717305,32.42102268,van
1739.889831,207.6614141,54.1863936,6.391085459,41.81424184,opel
1072.22757,219.6524697,76.90187803,-29.41746502,12.11585591,saab
1071.640238,255.8445656,70.19398952,-25.62647454,24.30926898,van
1428.991032,236.8538146,173.6034452,-18.68918381,20.86699653,van
1292.844682,230.1736614,71.21648454,-14.6712007,28.89126745,bus
1081.832093,271.9355275,73.71619881,-12.83087881,16.95028079,van
2120.355125,115.3442086,-28.06039938,29.1484784,41.84879515,bus
1238.5016,265.7622679,75.38957898,-19.59716698,39.6651783,bus
1708.913733,201.5425791,52.57396195,-7.747330524,46.5333953,bus
1048.977961,230.9859117,67.59471444,-38.84066913,17.24908611,saab
1491.56859,261.0853255,59.51276257,14.40065125,18.09801383,saab
1428.863231,251.6557927,54.67690227,5.479595917,30.03241089,bus
1867.961417,185.8389898,19.06023815,14.86655547,34.83926293,saab
1296.473092,241.0998475,68.4247747,-36.28116712,29.82645235,opel
1320.617153,280.1360318,87.1661928,0.086016171,33.63674843,bus
1091.377618,294.370407,78.33812666,-21.14735335,22.25731141,van
1245.162767,190.3599742,61.57683741,-30.90441933,33.99904983,bus
1259.819661,226.9057686,70.07816459,-34.9662654,36.50106913,bus
1802.875717,216.7818981,31.19940424,25.21865221,30.39274835,saab
1821.338219,201.3695437,15.0988384,10.39120677,43.39962045,opel
1683.41881,229.845119,39.56945344,-14.22817611,38.14833352,opel
1778.359819,247.3340666,36.67612457,28.57734496,25.23266576,opel
1597.323777,210.7942747,53.10217193,-7.936246075,34.173185,saab
1334.614321,210.847042,56.16825361,-15.96597265,27.02202902,van
1222.367943,237.9814246,75.42003465,-15.4372169,25.68744029,bus
1778.063842,217.202074,49.52806151,0.366977668,34.03009918,opel
1226.28959,192.161768,56.81147435,-17.97005205,27.87597789,bus
1081.1194,210.5124868,62.33649504,-40.71745363,24.04946395,van
1081.189808,239.9676851,76.64683905,-37.19141394,27.05720658,van
1600.904643,269.1388891,55.97455087,18.97252504,24.10280108,saab
964.9363927,213.679182,72.69429054,-43.53293085,23.17201257,van
1914.581276,162.8363269,15.14054291,18.90312302,43.75158622,bus
1930.830383,195.6623777,34.20610549,24.09743032,46.62538287,saab
2327.216626,104.1271347,-34.83216228,48.09560817,39.88690549,bus
1203.833081,187.1941538,63.23214214,-32.13516594,29.64385568,bus
1674.37547,208.7536863,54.20811053,-21.26542513,43.65809507,saab
1404.888782,264.9882071,57.54120114,13.81253651,24.49836696,saab
1216.50255,179.9414792,56.52575182,-32.83146034,33.25565227,bus
1586.115402,261.5302354,51.63403422,-14.6898739,26.82039957,opel
1245.314305,227.1957559,52.47528506,-26.36938918,24.11472127,opel
1267.493733,273.6865089,78.10075301,-15.02101121,29.13146573,van
1317.037748,253.4037223,63.98926905,-1.893973884,27.72004768,saab
1231.280594,268.9668218,73.76781703,-50.84055524,27.29637313,van
1645.747089,217.767353,40.69469298,-13.90898854,36.92629729,opel
1982.594344,187.8222674,26.10150968,18.8325105,35.62933125,opel
1206.916033,186.3522211,59.44662731,-24.23313012,29.62951057,bus
2050.510128,144.9640766,-12.7234504,24.64435458,44.40442552,bus
1938.36232,189.2552053,20.0864607,16.58855413,41.6430196,saab
1265.019314,205.909817,49.8091948,-30.33331277,22.71395345,van
1766.845507,184.3966759,27.76101056,13.60516552,31.19586702,bus
1297.190683,262.4879849,67.76619818,-30.24056505,17.09850173,van
1249.267381,237.6440067,74.95087761,-18.81410773,32.45473374,bus
1214.002117,247.4497462,76.18759897,-19.05628682,29.5659018,bus
1164.410759,231.2074475,73.63834961,-18.89030712,22.74892037,opel
1065.724937,211.6089937,78.14306511,-26.63935785,27.3862383,saab
1907.089169,184.6919664,9.028606537,9.138640856,40.74439429,opel
1962.015116,185.5088994,27.36284763,20.18468166,36.5448427,opel
2088.635014,130.1231432,-9.105436681,28.77713777,44.03912823,bus
1908.118409,225.2827835,33.71142382,8.801097861,24.92270531,saab
1297.589625,262.5107338,67.00405476,-28.97687096,31.04296389,opel
1247.251805,264.586039,73.16548212,-37.89969419,30.33877269,van
1118.010186,281.7860523,72.77287365,-45.29683421,24.94859242,opel
1643.968746,243.2050439,53.20714622,25.24637343,29.01659681,opel
1170.664891,200.315101,69.50662457,-33.16980897,26.6442765,saab
1279.230072,225.7991603,66.48795955,-41.22147607,26.17875256,van
1271.393971,198.1890493,69.23509912,-37.93436533,38.12233441,bus
1544.623406,230.7316676,57.44080312,-23.69624026,40.54493662,saab
1541.213536,228.1456207,55.82294929,6.251540876,35.59228344,opel
1294.241341,247.0863557,79.99742853,-39.43541352,34.03919151,bus
1813.258071,210.4476069,22.91333787,17.72627517,23.41344651,saab
1325.182488,229.6282493,68.18624039,-24.54986644,39.19825039,opel
1610.795191,248.6704847,54.75798782,-4.775049257,44.2457811,opel
1881.801174,190.4009946,9.269571653,20.49779459,28.02955213,saab
1705.395312,232.920027,35.98881192,23.86360017,22.13891403,saab
1446.323269,227.039167,57.89710227,-19.95642717,40.22975883,saab
1308.640685,216.5261879,62.19664547,-35.59567881,26.98294888,van
1292.147515,214.6634645,63.75863994,-25.63444113,21.14441413,opel
1800.863088,199.4805386,35.60543956,-13.62759725,42.34137607,saab
1325.323292,211.5723749,65.98028636,-28.33787974,36.73350257,van
1072.036476,221.3470891,80.01681054,-20.23967138,11.27569402,saab
1224.077642,208.3046475,74.27833495,-36.10997326,35.51722151,bus
1379.806832,209.9479863,55.48291834,-22.35058062,27.94847258,opel
1471.534322,237.7679486,57.16726432,3.42926012,41.25657487,bus
1395.429774,246.7691911,75.85306087,-25.00796764,37.05555095,bus
1341.532468,241.8231179,68.92076891,-22.09083606,34.00238717,van
1465.470359,254.0725625,77.98424041,-12.74898714,34.53401539,bus
951.8762119,220.1628911,79.60667684,-34.6365577,14.67733422,van
1988.678771,153.5129797,2.307287122,38.1202966,42.22748826,bus
1880.450758,198.769211,16.50774854,18.75551486,28.29136582,saab
1040.131084,245.948448,75.82127994,-23.32266371,24.71042139,saab
980.0868136,221.8168647,74.12943563,-30.08669829,26.69375621,saab
1902.842679,191.0156839,27.97669823,18.70608972,41.7416684,opel
1080.785729,210.5911341,68.34309239,-25.41719613,30.39397965,opel
2249.827447,118.3126031,0.81377699,41.04548986,50.26503177,bus
1280.223216,193.0730493,65.84037306,-21.88411027,31.24603709,bus
1920.425096,202.9326422,34.81066135,25.03959457,39.40514262,opel
1193.144263,236.1320092,65.9950912,-29.25376597,23.84376597,opel
1367.878006,204.0944505,69.9054389,-37.0592685,39.03660937,van
1578.933627,235.9492555,52.42078962,6.52826709,34.39188457,saab
1302.537845,215.3581412,62.72642597,-34.34972961,36.29836238,van
1643.114064,226.7430391,268.5610723,-7.334039889,22.27553844,van
1981.168514,182.8914862,16.2551954,26.50338446,39.78766661,opel
1203.073272,183.2459887,49.92982448,-19.67443919,22.78016437,bus
1169.805747,268.919584,97.95854059,-22.02133679,24.9367984,van
1297.902899,263.3860083,73.10513807,-18.68426078,24.31958978,van
1319.518008,219.0028905,75.86418651,-33.35405853,36.36444057,bus
1546.404646,202.9512259,59.29856842,-20.26659643,47.09989001,saab
1318.595174,239.3379397,68.27916287,-8.483641921,38.1431237,opel
2274.22205,91.41468718,-40.0596534,32.83444605,49.51911411,bus
1268.044363,236.7476802,74.72723659,-22.31077105,38.51356216,bus
1361.68664,271.6243173,74.94527802,2.835020211,30.14751166,bus
1131.139821,253.757366,85.77880341,-44.22950444,33.44163077,van
1811.91131,229.7109215,35.76546531,3.845092971,24.87848971,saab
1242.013623,255.2134109,68.09252141,-2.995283689,21.34799905,opel
1810.498996,174.3045135,5.116510482,8.397321429,34.28442833,opel
1179.558753,288.1509844,76.9251318,-37.37687554,26.69295502,van
1712.299071,237.0700775,41.57034796,18.56045417,29.91434296,opel
1263.046549,261.7794299,81.94959579,-9.89894814,28.11234526,bus
1058.298853,229.6092242,76.53146136,-12.99580429,18.46374091,opel
1166.960827,233.6884451,60.02759988,-21.82793755,31.10775801,saab
1241.999632,230.2860311,77.07725901,-32.65358472,33.88667763,bus
1390.342077,252.7761214,60.45661415,16.46182747,24.16209475,saab
1389.791828,245.1353614,76.21525055,-23.65821094,41.00635184,saab
939.1504111,215.7762203,79.3481245,-29.59640129,22.21507462,opel
1229.373452,193.833843,64.62643515,-23.21597175,24.86621127,bus
1145.485441,281.6974242,77.82029999,-0.567009387,13.72401951,opel
1298.786319,207.6316476,53.56620743,-19.61108041,19.56348725,van
1843.989773,202.5553878,10.87514026,25.90595532,34.22080741,opel
1211.008791,248.9277872,76.27397828,-35.21727947,28.67537262,bus
1251.406967,287.2418443,88.09544374,-3.234894693,29.89682049,bus
1282.872711,219.8962272,85.20653416,-22.23754783,29.45830508,bus
1088.668845,289.2081705,71.24845542,-16.98037631,20.63645255,saab
1068.476618,201.6457731,65.85041457,-40.5608901,27.10383518,van
1787.379831,200.5128428,31.44524125,13.62169674,42.17972284,opel
1134.329393,290.7590572,77.1475635,-19.74646497,35.17730842,saab
1222.394918,184.7142184,54.61454841,-36.46718468,29.38054387,bus
1533.890386,252.4338411,57.49275103,13.1185082,23.67554516,opel
1090.42432,276.6379024,71.36666351,-4.630179893,12.32226227,opel
1911.650224,190.60416,20.24917121,21.26378691,32.74245805,opel
1395.191499,258.0254623,58.61572973,13.37938838,17.77227552,opel
1797.221987,221.0660949,23.853679,14.52238271,26.37320255,saab
1126.436479,262.8719367,78.81239013,-31.10778362,23.95474014,van
1893.01244,198.5529272,24.00114574,16.19800086,48.0895735,saab
1775.324633,209.6219547,57.91740947,18.67605735,41.88931268,bus
1217.593445,231.2509151,59.89180166,-3.18358161,15.078273,saab
1229.395943,195.4953911,60.2138356,-25.19877134,21.69408938,bus
1795.146221,181.9905262,10.35849108,9.139153854,31.91504141,saab
1061.732351,278.705513,79.49252582,-22.44216006,25.57593171,van
1112.129586,215.3353664,62.16960146,-39.15534509,15.88554415,van
1203.523953,200.6987059,59.64091725,-32.70321116,26.90578468,opel
1548.43672,222.3991611,60.20749325,-17.70583549,41.02698324,opel
1694.019322,251.5995808,36.94784961,30.01781284,28.95552895,saab
1721.087815,208.3092917,39.79865541,-0.688976041,45.24410922,saab
1322.417125,197.7071723,54.99363986,-30.98331886,27.47426508,van
970.6850119,270.1519292,75.91566893,-31.94077329,20.11786525,van
1623.59649,231.6561012,55.86203065,-10.1394049,34.88626245,opel
2141.74998,147.931472,20.93649491,41.22061134,41.18859679,bus
1290.270162,200.2025956,58.8799994,-37.01340659,29.06442334,van
1656.302773,225.6056009,46.45839443,-9.817418727,31.27736675,saab
1890.798253,184.968475,50.7403897,6.309021262,52.99505507,opel
1795.65925,185.6042604,34.17500532,9.368309536,40.4145541,bus
1221.631438,258.6516336,83.73013714,-31.56094089,24.36390286,van
1355.119872,238.0264514,87.63342768,-30.53463084,34.54950313,bus
1309.816875,271.0209081,61.68911164,-10.43976452,33.34715253,opel
1321.815334,279.0827229,68.38304033,4.595168161,19.78484133,opel
1246.227487,249.4371207,73.2563035,-35.54284726,33.46588446,bus
1767.603898,222.9139672,44.06024164,1.173273298,47.95546234,saab
1220.061039,196.1284188,72.068175,-19.95283879,28.48356957,bus
1156.811003,204.9557756,59.75006501,-28.73121254,23.30613647,van
1230.265085,238.2691128,84.90256358,-40.71611421,32.53412796,van
1957.573155,174.4232178,34.23813984,-3.675244183,48.51747198,opel
1483.822872,272.0008837,56.3368418,1.475240179,38.2105371,saab
1096.014376,276.9399723,77.41265624,-50.22809979,28.41128393,van
1770.008919,224.5010623,38.11582358,6.728125056,35.48788424,opel
1449.612859,231.1728911,65.54685043,-25.23024002,36.15091026,opel
1202.067206,187.7406812,51.69527729,-29.65768721,24.32559391,opel
1612.464574,227.9122161,63.10716496,-4.241354622,40.76716521,bus
1246.303625,209.029266,78.82498326,-25.32422896,27.86367952,bus
1216.429799,208.3786119,77.64350333,-21.7633239,30.71880568,bus
1857.407751,169.9590064,10.49822351,11.49996718,29.81057498,opel
1907.273444,197.2824651,19.94895744,19.14997516,34.50912605,saab
1080.462793,283.1471717,78.96280878,-51.69089729,28.94335668,van
1176.208027,233.9759431,80.79396216,-32.3581218,32.71619647,van
1957.791152,205.7708984,33.99629457,17.45571161,38.23200178,opel
1904.830708,150.6467147,0.601829983,27.15235999,40.97767597,bus
1946.692342,181.2139901,17.0954294,1.571693062,43.0668541,opel
1224.928122,214.5702954,62.39660619,-20.94890528,23.79519725,opel
1867.694019,191.7031405,43.50223359,19.09520729,39.72779534,saab
1923.912514,175.850215,6.442901884,17.4692039,43.53671358,opel
1324.644233,214.6713449,65.64382313,-26.65102019,32.11531968,van
1612.192665,235.6743402,63.13893995,5.080376274,39.13891405,bus
1192.171731,182.1585057,60.43881324,-28.72514083,32.78980123,bus
1876.603448,175.8651389,30.90483025,3.987516188,51.8548755,saab
1874.847192,194.0246178,32.00278204,23.96128078,37.79819707,opel
1439.63808,231.4357106,61.75481757,-19.65182699,28.57152963,opel
1159.767396,247.4763408,72.1764087,-20.3175091,26.46716608,van
1335.845633,201.7769529,60.56806539,-31.02228178,38.14008381,van
1287.905508,196.6109958,79.32109539,-28.01138788,32.78642097,bus
1949.661757,187.1825479,35.2218904,9.948032115,40.7705249,opel
1379.852929,235.9731435,68.72949088,-25.92237647,30.10002305,saab
1222.100733,229.7769324,56.5767502,-11.30031829,17.96318442,opel
1813.387518,214.6469737,18.38279383,22.10988233,33.76625342,opel
1917.759587,190.4870922,8.18362321,17.39846489,31.20484248,saab
1349.353614,261.4091244,65.79106366,-28.75899836,25.75186227,saab
1220.988686,188.8354401,62.49279502,-23.48818138,28.28518669,bus
1880.066133,171.1528633,5.426259757,14.59728591,39.50443781,opel
2140.099868,105.8559881,-36.09018144,25.76375777,46.01946334,bus
1359.314724,236.4412099,76.94139925,-28.68829414,38.47082807,bus
1893.193262,208.9514913,37.32889937,24.85187106,36.75198914,opel
1285.605154,220.6218521,55.45333047,-21.34172314,33.47534353,van
947.2766275,216.2364666,77.90805156,-34.4167894,16.1792392,van
1868.20981,172.5563346,1.588533568,26.30364526,34.35529374,opel
1965.222539,178.093585,17.2766428,24.5988443,47.99305171,opel
1892.823658,171.8673828,11.7979097,14.17625405,42.02281725,opel
1052.397092,234.2920893,72.90328956,-15.78279205,12.98923386,opel
1182.42135,223.4029184,60.9566541,-17.30643133,18.15990478,saab
1695.469644,216.4695515,55.01808956,13.5038735,40.8571028,opel
1922.737941,194.9009371,20.07563425,4.148948138,32.20083286,saab
1843.502115,220.5398076,22.40667951,36.88495294,30.901952,saab
1223.611802,265.8888169,70.52968739,4.874553415,16.70834984,opel
1359.189933,236.8780808,64.60411591,-16.25176715,23.98617786,van
1868.869628,175.4161125,13.11716286,12.93736412,29.11301743,opel
1200.236381,187.3008561,61.36313145,-28.51077172,26.17851187,bus
1307.289927,246.8161619,56.3130248,-4.038884005,33.78952011,opel
1918.47525,190.6341917,6.386340562,35.12730358,35.92317422,opel
1279.111029,285.6043883,68.10894402,11.77308225,13.19266822,saab
1118.428056,247.8725714,74.09747896,-25.51953324,25.3240783,van
1050.026672,206.8785743,76.52306024,-15.24118022,19.9358383,opel
1261.845718,283.5771153,73.03135669,-38.17883306,21.8067505,opel
1941.041814,210.8537695,33.20146873,15.83586122,32.20457687,saab
1229.08753,212.8245871,59.10730481,-15.60716677,22.58816098,saab
1134.468998,288.7095265,80.79426133,-26.60255677,32.40188015,van
1463.075653,233.5997842,50.76376866,8.039878523,27.03360449,saab
1127.450871,234.8014218,73.88532166,-29.46740353,34.60848678,van
1151.462987,281.6893924,79.83210386,2.704878383,14.80761135,saab
1372.871592,243.8577253,171.9139124,-19.76970337,25.02028788,van
1887.420044,211.2956817,21.06076904,26.7361179,41.55561117,opel
1350.413397,227.229554,58.54644107,-22.43599245,31.20437019,saab
1610.530529,228.6850986,57.66785751,-0.256147385,29.44611373,saab
1758.346459,220.7308735,20.12314244,13.48427748,28.60793351,opel
1456.37859,253.4802911,72.84012878,-14.88546722,30.73507911,bus
1199.520282,182.5259809,56.37262203,-30.11676937,25.22284214,bus
1512.617388,222.8587489,51.96901565,-14.13576565,28.74550929,saab
2169.421898,113.4235891,-37.28302626,52.29719353,34.56748568,bus
1774.799305,239.0496274,34.94785315,26.18798601,39.09828485,saab
1036.850316,232.4004212,81.32188852,-47.87339259,23.63962133,van
1072.479159,202.4515893,60.59039936,-37.86883476,18.89847214,van
1339.060406,260.6548981,74.17858869,-25.89295036,26.49394216,van
1937.77336,190.854193,28.46560202,23.87986468,41.35814636,saab
1043.157854,282.4598748,80.30485704,-40.76718489,26.21734182,van
1729.704287,222.7591964,48.69230492,13.41699897,39.83510988,opel
2122.416399,124.2263687,-10.71397242,28.31764682,45.42802443,bus
1362.418721,247.3227848,85.18727945,-27.8175904,35.91372898,bus
1026.319546,288.625881,78.94243872,-27.27019489,26.88169276,van
1371.079779,273.7209191,61.77838367,2.789915211,27.42350261,saab
1317.148376,261.3941805,81.33665856,-1.66024476,28.57934817,saab
1293.390245,226.6218904,101.1395554,-20.09638988,32.55610344,bus
1286.787629,212.9855218,57.92844373,-24.13476911,26.3485076,van
1106.52743,203.8599577,54.59742792,-26.51469269,12.2823852,van
1218.061754,248.6546961,72.22467975,-35.29541618,31.4635113,bus
1299.013919,260.7166015,86.99663366,-16.05101673,34.88853356,bus
1843.776793,182.6574529,15.88179959,7.592228939,47.04285746,saab
977.8042761,223.7306129,76.09939918,-48.2073643,24.69162411,van
1136.987353,219.6782043,63.74674212,-15.3944329,16.81630934,opel
1450.452546,238.0744073,58.64091267,2.131310281,25.83884797,saab
1218.210599,179.2473466,64.32496001,-29.13757749,32.3600745,bus
1754.42463,239.7351519,32.7657897,16.07902422,21.45522954,saab
1539.03298,220.3526057,59.43631605,-21.01638347,37.24149077,opel
2158.167557,159.0695616,25.09325432,35.0975735,45.16388654,bus
1125.758136,231.8754816,71.0151981,-25.21510423,23.94760578,saab
1206.432737,179.2010402,59.44261082,-27.75587133,32.71156468,bus
1926.040173,193.2764602,44.52269009,12.30979455,50.66659735,saab
1898.627717,167.1639749,7.849640638,9.345713027,47.26647311,opel
1406.425131,240.3273618,79.59747331,8.818245382,26.29114752,opel
1857.297783,200.2357711,21.67060124,24.01273275,32.6203157,saab
1214.296071,240.1301529,58.7510708,-22.41842294,13.20617238,opel
1279.5413,287.7179341,80.52321924,5.55052389,24.8847633,bus
1516.010039,254.7569437,56.69612539,-6.058154656,31.1974231,saab
1865.47241,188.6865833,37.41108182,-7.532062343,47.2750573,saab
1330.692805,229.9639388,66.32081693,-11.57629177,31.6361583,saab
1217.037052,181.4124163,58.5511674,-27.22948133,29.66448557,bus
1052.268466,282.8039798,87.83159749,-32.67447041,28.58270837,van
1917.976115,206.4607552,19.93167351,29.11044285,22.1198397,saab
1300.923269,236.8938604,63.8551905,-32.11319141,28.0211958,saab
1320.031677,248.4236326,74.89190648,-30.68233987,30.78647629,van
1315.567554,198.0038469,52.70017718,-24.6944045,34.02861453,van
1823.233827,203.3772793,44.73934998,5.884835561,35.92915555,opel
1893.776051,205.5669468,35.89274124,23.27242267,39.47335451,saab
1920.579457,191.1201297,25.55298073,8.21199612,47.67749683,saab
1786.243057,188.5827483,37.76787216,-5.452307443,47.7967306,opel
1390.440932,260.8715145,55.63892271,-18.007305,33.17577049,opel
1033.40288,244.7140486,83.13998848,-34.51365372,27.31629671,opel
1198.145868,186.140145,57.5444837,-28.25815279,29.32189425,bus
1126.332069,248.8700754,75.31689807,-27.41050622,28.96128096,van
1898.253384,184.3164019,4.884566132,12.86183228,31.06928325,saab
1858.647023,181.7036774,27.43965482,-4.616084894,40.5608303,saab
1757.630684,197.5304006,37.50629558,2.874340756,43.69718989,bus
958.1241912,282.8901349,80.01075805,-23.57312167,19.1955668,van
1930.471957,169.132757,-5.581949965,27.53789637,29.94301914,opel
1109.671115,243.5364737,70.77230329,-14.94456248,15.57119512,opel
1188.556294,247.2508726,73.40736811,-15.50628192,31.39204747,opel
1983.453902,184.8137632,31.02026725,11.79936175,39.61972657,opel
1216.265297,187.0437367,61.09918698,-24.74445025,29.7393828,bus
1024.595697,244.2826873,73.0511581,-17.84894621,18.9793681,opel
1254.847105,201.9573843,69.04560488,-21.27513197,34.2013908,bus
1221.862732,245.9417685,61.54586417,-41.57675443,28.61881046,saab
1050.901586,198.8666348,67.63986123,-41.98948194,20.25963221,van
1562.735619,206.9564783,61.62263048,-12.98702987,45.15041644,opel
1459.836928,227.6032398,56.21495609,8.692700174,33.64992523,opel
1059.889282,250.6277293,74.96291787,-49.6035776,29.158091,van
1548.587162,214.8483037,33.95174422,7.679458535,41.07750458,bus
1090.130895,270.4536578,76.57032601,-43.29935801,27.73095353,saab
1447.777049,254.8234108,76.3749721,-23.71958918,32.80119031,bus
1164.812318,289.9928172,85.16966549,-26.22249302,31.62790338,van
1950.165829,202.5698724,37.94699326,24.72537406,35.67485825,opel
1331.689895,275.5496381,71.00245195,7.879632914,16.83692208,saab
1450.604366,245.676617,57.89914109,18.5406278,27.14873022,opel
1921.870146,202.8481654,38.49515053,27.6986697,40.71475654,saab
1116.465774,280.4701055,77.81677923,-11.69493922,24.08843482,van
989.0445858,274.3800976,80.06356254,-45.85541914,25.81993959,van
1063.231365,261.6198911,66.38646908,-13.51203428,19.14877656,opel
1189.807274,182.3958674,52.52444093,-21.02160197,25.65958775,bus
1826.013176,185.8408526,17.87274978,6.417558396,29.99200251,opel
1339.21679,199.4740376,57.22202763,-25.80709143,33.2428509,van
879.9342261,219.9230505,82.81090436,-34.95691869,21.1759456,opel
1330.245281,271.0833147,82.53954545,0.431926089,32.86188713,bus
901.2901872,226.6786295,72.80590905,-16.64216611,9.602773625,saab
1113.624543,301.027348,70.0247253,-9.215105038,14.65116718,opel
1177.570741,272.8871725,71.56316347,-25.01783114,20.31419896,opel
975.6983273,211.6031923,74.1815332,-33.20821443,15.85162131,van
1090.882333,238.6953929,73.99114557,-30.13719653,24.66742696,van
1838.050952,159.9308823,8.88125986,7.080309893,49.21336782,opel
1962.758517,193.2905779,41.27687027,8.341096852,48.32926898,saab
1296.888274,205.0081631,66.73643882,-40.0620629,39.38145509,van
1513.140402,247.3218439,45.79353969,21.59426029,19.93284874,saab
1918.967063,210.288369,21.42051041,26.8960848,15.24267406,saab
1132.561392,251.2978083,64.31764439,-0.710522758,11.45394201,saab
1827.182329,194.726322,23.50293483,13.02666511,29.7620958,saab
1219.384597,237.2331399,84.41892472,-33.81202926,33.09029642,bus
1232.305224,234.7341274,85.99263236,-32.7231404,35.41383461,bus
1619.794387,226.7892044,63.60187134,-10.99365797,38.0913027,bus
1121.179077,260.7786352,74.83282608,-50.44751104,26.98883257,van
1102.366945,229.8884948,69.16625767,-43.73777711,29.59891056,saab
1765.863896,209.9657883,17.02085496,17.04492273,41.00888338,opel
1235.663996,192.2958929,71.29289629,-39.30439176,30.79124477,bus
1760.937168,230.8554215,41.84369919,18.85674853,40.35718019,opel
1046.707626,206.953029,73.84027434,-35.30090944,22.02610569,opel
1094.82613,220.2087184,74.66938254,-38.54213776,26.34047196,van
1201.683945,271.5753343,66.22024347,-39.80474403,29.09233449,saab
1229.330845,185.6642232,58.69828065,-25.03704076,27.03271325,bus
1548.191326,234.1183752,71.74037913,-9.682092586,45.14425446,bus
1938.655821,202.0671575,35.26714822,4.44806969,43.07353791,opel
1719.841192,192.1689178,44.63286075,-15.02940813,50.09538099,opel
1320.347815,224.5793706,89.8463333,-18.12723618,31.23339794,bus
1638.112609,239.6138066,55.51273267,23.99155958,31.11532353,saab
1498.748552,246.8606911,64.81276449,-6.468750392,39.94103526,bus
1311.092748,239.5570418,70.0199859,-34.83085316,24.27471898,van
1264.116246,226.255189,68.05979747,-30.57744458,33.29422284,opel
1326.23616,277.4538501,77.35870048,-1.201107294,32.62598601,bus
1180.561767,224.3994463,58.78554837,-8.281734776,15.56405565,saab
1839.617645,182.9970815,18.03936558,13.96922673,42.46216211,saab
1232.01236,244.8042954,73.65208273,-10.52291106,21.6672994,saab
1823.618716,195.969844,42.05134237,10.43665394,38.69012078,saab
1161.517598,214.3668332,68.11178239,-17.00301201,22.12846575,saab
1317.880256,298.4677673,69.15954766,10.70825935,23.42963527,opel
1491.275266,266.4881062,62.29158208,0.784558625,39.5312018,opel
1476.813349,269.9820218,56.6441455,-15.22047939,26.08039732,saab
931.7097425,209.0153861,76.18211889,-41.37298811,24.20511631,van
1260.292375,230.2682859,74.62527858,-9.209000408,27.60301468,bus
1325.704629,213.6833681,61.83944443,-23.72088856,21.76745027,van
1151.616963,290.7001141,73.27211759,-20.97211375,22.53766257,van
1665.683892,223.9419339,61.48381796,-12.49695941,42.39551704,saab
1030.491379,296.3591815,80.94211026,-27.3488598,31.49648128,van
1648.369589,244.8228878,41.4735894,2.541330019,34.98848918,saab
1206.372996,202.265556,64.36840734,-42.32694183,23.02337834,saab
1406.531446,214.6773338,62.51405842,-20.68158306,32.93198417,saab
1179.099344,270.876274,81.96649157,-39.50250591,34.83650319,van
1380.351094,212.5931582,65.89909642,-33.57244957,36.08775532,van
1550.481816,260.9587708,54.71950341,8.096665591,31.8537077,opel
1865.689055,216.1456268,37.8967605,13.46037114,40.81258226,saab
1368.364345,240.4994365,77.65245327,-27.7295834,20.27734276,van
1217.758676,182.4403181,61.70112182,-38.30855563,31.12144591,bus
1684.386752,200.8958519,46.19980422,-24.18839052,42.7481031,opel
1465.997662,273.2885828,62.18503117,13.41448114,21.33521505,opel
1687.348481,194.0214676,33.35634771,-3.55659965,43.50855863,bus
1182.835065,273.7856215,73.51245639,-19.35693748,36.91425883,opel
1282.308293,256.1299471,82.18177861,-12.8470349,29.79129966,saab
2001.408464,190.3106266,33.15466323,25.42636063,48.95029564,opel
1272.309238,211.3056769,80.77385275,-15.76665861,28.28625654,bus
1695.840601,216.3189547,52.6102401,9.172149714,34.90515257,bus
1222.351085,182.2524632,58.360846,-36.06665163,27.57811551,bus
1321.585219,247.0340748,85.86923293,-13.50391644,28.73475609,bus
1351.062837,217.309766,70.64107166,-28.02268502,32.90047543,van
1431.187403,255.4775614,72.38674101,-23.33986683,29.29162871,bus
1320.941108,198.2790648,56.96957672,-24.66469859,34.77773074,van
2248.806985,112.7239547,-24.33755319,31.63725635,46.12463581,bus
1371.766857,268.9312299,71.47365219,7.25607148,27.73791928,bus
1186.454576,189.5356866,56.98081076,-29.33976619,23.70106188,bus
1084.287962,263.3389866,78.98926312,-37.20247995,35.60759664,opel
2356.974583,119.1266845,-9.630742247,60.15762945,37.88102129,bus
967.3110731,227.2968607,77.3562699,-29.25294282,19.04181822,saab
1674.150603,234.4873561,42.15985925,-17.0271432,34.52833902,saab
1396.699945,280.7247279,65.12428496,-2.066925944,36.74642014,saab
1271.137561,225.7087788,83.72118196,-36.20560366,30.94814768,bus
1726.931589,230.9300957,43.00493857,2.723229853,36.63275197,saab
1307.82506,201.2798409,53.80576073,-16.8755586,29.42066369,van
1525.966896,258.3306247,58.34348104,0.530085844,35.68335787,saab
1131.282,207.7783759,62.57383245,-26.84092493,18.05832637,van
1248.084593,240.1453399,68.75271546,-14.28188715,35.66843629,saab
1283.550205,272.6227528,87.28818505,-8.993458033,37.85901298,bus
1230.365476,221.0382992,75.54768632,-25.61424913,36.16646809,bus
1436.940303,205.627876,56.38914414,-27.60566347,33.29091025,opel
1860.408057,197.3721119,15.72433682,23.21251742,29.57500456,opel
1809.306401,200.5420154,32.40843001,11.7357662,37.10352589,saab
1477.458643,228.9949491,54.57639302,-31.656267,36.0818954,opel
1189.831392,283.0898058,79.60548808,-41.80347074,22.20850345,van
1808.749084,175.4102848,15.97892963,2.994922631,47.3052722,opel
1873.143826,191.1739981,26.30138275,2.484477875,31.52059407,saab
1353.091224,247.4160623,209.6166232,-21.84155764,24.4107708,van
997.1863754,285.4192939,78.52782409,-28.54972343,20.23102236,van
1335.137064,199.4760199,53.06697838,-33.37817971,28.78639815,van
1503.008258,256.7919928,63.07784311,19.19600558,26.55862876,opel
1990.316107,156.9558401,9.67685658,21.27209668,41.07827638,bus
1780.787418,189.4612043,45.94450495,-3.794806968,43.23071668,saab
1697.545645,223.4441479,38.31971553,2.304974755,39.70524223,saab
1909.334226,209.5195168,24.01378034,21.9241556,33.95321324,saab
1330.015036,260.7693078,85.84722741,-33.2853574,38.83793639,bus
1962.617764,199.4717113,31.33991978,34.44535984,33.4949007,opel
1454.010739,259.8452217,56.63012107,-2.152661364,40.06547715,saab
1436.684196,245.0188889,82.42674809,-23.52157602,38.09105193,bus
1901.870912,176.9573462,-0.516214972,24.79901934,28.19603211,opel
1853.24092,189.4721863,28.23002733,3.074191485,37.40944967,saab
1370.344579,245.217619,63.97280708,13.12393577,24.35663112,opel
1930.287915,206.810473,42.11457905,18.53669652,40.14741187,saab
1331.414414,228.6144657,72.90235524,-33.25334071,22.67469909,van
1637.807013,241.9751596,42.59826837,7.26051415,38.21954018,opel
1330.76039,237.30116,67.87742204,-22.49814165,36.82978668,van
1082.363688,256.2181197,73.62237776,-20.94939668,26.46112336,van
1734.73359,240.2677444,44.23187319,25.2750799,35.48047528,saab
1345.205693,267.730723,83.59009829,-23.90004777,37.58797423,bus
1015.084639,256.0219612,72.52909025,-11.76442421,12.11883703,opel
1804.392295,215.8476678,55.31262316,18.89374384,41.57947699,opel
1942.363593,190.4733551,14.50676243,33.76062525,27.78325124,opel
2046.133601,125.2907773,-17.91347296,36.49598677,38.68178915,bus
1243.156176,238.1086217,89.21847832,-36.75421876,39.99683238,van
2286.334757,101.1988262,-38.90580351,52.31202147,44.97223991,bus
1045.887567,193.9685843,69.23587625,-34.99819434,27.31529686,van
1238.862807,232.5569594,56.31960652,-15.34427877,19.63681995,opel
1789.557773,215.4104368,45.13860622,16.9609593,38.28761586,saab
1856.205426,159.0666858,-3.000747019,24.65538238,29.10394602,bus
1897.0389,176.4372246,21.34108842,15.86360374,43.66297203,bus
1308.501949,252.7932442,73.69099691,-21.73224001,33.014744,van
1874.335307,197.7436155,19.41730599,5.920073654,40.62013497,saab
1213.418387,264.9260497,81.25266205,-9.381579691,24.88230583,bus
1162.403552,246.3259288,69.5077423,-33.40145111,37.06296037,opel
1692.3622,221.5473237,47.20514488,9.088663882,44.14265205,saab
1344.722731,249.6323252,76.39806243,-29.26627014,24.0943484,van
1258.867238,190.3666255,70.41658563,-26.07684143,34.99573639,bus
1142.178922,241.6869281,75.63928606,-39.776675,30.35213508,van
1212.53797,187.7829039,55.21481578,-25.62650072,23.95427339,bus
1304.915834,250.6639037,78.00510749,-30.08197414,40.10847736,van
1638.33693,205.650581,65.14706101,-20.28005935,46.45770773,saab
1443.064668,240.9168804,49.19190215,11.58224332,24.26129232,saab
939.6029988,225.6841626,77.4110967,-41.99636272,17.54417856,van
1351.552896,283.523328,86.1137145,4.374942754,26.15125117,bus
1209.308832,281.3020806,70.79400997,-3.314686403,24.37728855,saab
1112.007194,259.5018083,82.98763882,-35.46187047,26.32781241,van
983.2353659,247.5984075,75.93883631,-46.29232719,25.87319693,van
1720.675835,191.4145975,51.48928401,-12.48719361,48.5985719,saab
1230.861513,226.5621155,58.66012965,-21.07593865,15.91481206,saab
1240.291198,189.7124966,65.54035703,-24.57026667,28.8933383,bus
1323.211544,196.4379127,57.53769088,-35.46271871,32.81976958,van
1592.617693,253.0729613,47.90794024,6.302420621,26.37423921,opel
1707.945583,244.0985613,37.69531214,-17.75972677,33.70998318,saab
1160.670533,230.0399991,85.08805107,-37.88499441,34.2021708,van
1874.210174,203.3956766,43.80910875,23.77700796,44.13590887,opel
1831.225424,179.7056723,8.050928053,8.046762254,25.89301686,saab
1227.08084,189.2471906,56.67498475,-22.18261509,29.09446309,bus
1411.951433,259.8685248,68.96466651,3.38303444,24.37725252,saab
1225.630948,261.0161366,79.52828731,-16.59236926,28.62196924,bus
1687.920679,202.9708926,48.88025101,5.914426777,40.18547786,opel
1180.516755,276.5514407,75.75503308,-1.609726176,19.34495893,saab
1231.120772,183.8435018,53.18918827,-24.71262784,25.82193586,bus
1715.155319,239.072084,46.70877057,14.00479714,43.81352178,opel
1687.936039,192.2974134,57.47973502,-13.59516955,47.61141032,opel
1221.231508,214.597862,66.80089335,-23.06793415,27.66799174,bus
1104.272504,260.4016165,81.12346517,-26.13299933,28.9059288,van
1418.278561,254.6951443,71.71016904,2.399278962,37.35025738,bus
1662.780181,217.5638827,53.25925907,13.17631835,34.48086201,saab
2039.725664,125.8291148,-32.10149608,38.68254952,40.4935001,bus
1820.026547,212.2184657,25.12138743,12.3638444,38.52693785,saab
1075.813636,215.6759358,57.98744205,-24.14511016,14.48519165,van
1718.348507,220.0963663,44.90290285,10.03083996,38.43867928,saab
1115.167723,276.3408492,83.67859876,-45.03450485,36.96091042,van
1620.466849,225.5838223,65.60964684,17.99504881,33.51305142,opel
1887.656661,188.7590498,23.10957622,19.78774844,39.61933708,saab
945.4125687,240.8512636,73.75499759,-36.14011761,11.14644054,van
1195.538551,186.6728546,59.79952292,-27.29447075,25.28950365,bus
1922.818985,190.7814141,28.70543008,6.636197655,43.47050176,saab
1040.431791,251.619505,71.19878469,-24.33948551,22.67049946,van
1898.393732,189.8974421,21.4517735,2.625198969,40.3195318,saab
1343.182311,229.2580091,58.71640268,-7.089563835,27.11574003,saab
1195.957197,179.5031068,57.28581357,-35.25935913,28.96200269,bus
1178.444593,242.6873542,81.53272163,-43.53904452,35.5159141,van
1748.90907,192.5237706,9.573929033,16.30171263,32.87165419,opel
1638.641791,224.4818451,43.43739608,21.19462821,31.38118693,bus
1240.612032,243.8550412,80.71927175,-20.01073146,26.81491231,bus
1038.691912,194.5898257,68.04515361,-40.25069754,22.46983135,van
1006.847508,267.953041,72.49787246,-50.42223749,16.75235558,opel
1835.071894,220.8531665,30.4624227,-13.90846686,37.66622302,saab
1865.052171,173.045754,15.56823393,1.701257069,35.27545905,opel
1278.152637,264.4540335,85.95025815,-11.45014888,27.98663587,bus
1228.568543,237.8305407,70.6592298,-20.59855828,26.43492474,van
1058.417393,229.2626521,70.05466982,-35.16721251,26.22345086,opel
1400.899221,247.1198681,72.77743144,-21.42295723,30.27607703,opel
1546.909899,238.987185,68.85228523,-8.4777278,33.89695491,bus
1733.606965,225.8516406,41.43948836,-2.362491143,47.47064043,opel
1237.106501,201.4621277,76.39261789,-27.31625679,36.68640927,bus
1305.071305,223.3785004,62.18432228,-28.15919372,38.64965919,saab
1811.896369,178.116563,15.49399052,3.154009221,39.30278173,saab
1250.937144,206.4602715,62.78586201,-33.96778391,35.30025063,bus
1091.665588,203.8264409,63.77065806,-28.1286724,29.87936562,saab
1865.072212,178.9203306,25.89937666,18.56567803,35.2965424,opel
1109.444452,229.3712559,60.84708491,-41.3373943,21.87292781,opel
1385.14339,267.1150915,75.74684113,-4.812453135,40.74871585,bus
1301.964003,192.0818538,56.39415546,-33.59411284,36.98726084,van
1214.387686,188.3530456,57.89484884,-22.25811602,24.93361477,bus
1281.628076,189.0296898,96.80465625,-23.40558581,29.46982106,bus
1368.844576,212.9058944,66.9182083,-21.9481457,30.64987834,van
1912.790736,203.7134048,20.9039464,24.19395873,26.11552885,saab
1611.932181,234.3606611,56.46234541,20.83027794,25.96658095,opel
1562.726638,232.0172293,53.30182015,9.047615132,25.81467195,saab
1097.829541,219.9649319,64.77763956,-22.12073026,27.37129654,saab
1939.677787,190.9447209,41.93710051,16.67342241,42.30468084,opel
1230.416423,280.218418,81.54573069,-25.17986314,32.49040509,van
1776.93303,213.9558098,44.64858899,3.841823903,33.44571517,opel
1912.932866,179.1972895,15.86868492,12.73160085,39.47480628,opel
1281.272032,222.7531361,61.85155326,-0.165632763,24.01931373,opel
1533.317873,248.3603455,59.97728111,-12.21110349,45.86224372,opel
1916.310129,165.8541282,4.225684536,9.651615876,46.45484866,opel
1107.155203,227.7067182,65.31164832,-35.05784531,18.83079717,van
1333.937138,200.1253856,54.24331983,-29.91973951,28.98193152,van
1232.649353,291.6371592,78.80626288,-4.692127395,30.23636664,bus
1402.425745,255.5765214,73.87763157,-26.53619982,36.3212853,bus
1861.117208,200.75121,26.57599122,5.161597663,33.97207513,saab
1358.317831,211.9899681,53.4120535,-27.92877911,32.01006418,saab
1043.039555,203.4537692,63.8754052,-37.43995835,19.22154328,saab
2340.990104,92.78147516,-46.52050959,48.10786886,52.15317754,bus
1191.815175,224.7300753,70.32776651,-31.89107733,29.8477993,van
1352.830692,236.8658739,64.8537661,-34.11871733,33.90648297,saab
1261.933568,235.8884021,61.2118171,-13.00657782,23.52655375,van
1187.641005,257.7537582,80.45362582,-43.45252842,32.14701579,van
1048.147775,298.4094804,72.02067836,-10.87917053,14.43098163,opel
1408.374204,243.8795313,67.83519139,8.070356764,21.4439732,saab
1345.919353,226.8225372,72.31172784,-14.8637319,29.29075748,van
1934.791126,199.1836062,33.08693539,15.09894632,49.81247389,saab
1115.199759,258.3637087,73.3576308,-12.17178657,21.36282842,saab
977.5540858,245.9757188,75.10184268,-25.4069524,20.46884735,van
