date,code,close,peTTM,pbMRQ,psTTM,pcfNcfTTM
2015-01-05,sh.600000,16.0700,6.530320,1.295783,2.555270,-9.848905
2015-01-06,sh.600000,16.1300,6.398990,1.300621,2.448213,-9.885678
2015-01-07,sh.600000,15.8100,6.272041,1.274818,2.399643,-9.689558
2015-01-08,sh.600000,15.2500,6.049882,1.229664,2.314647,-9.346348
2015-01-09,sh.600000,15.4300,6.121290,1.244178,2.341967,-9.456665
2015-01-12,sh.600000,15.2200,6.037980,1.227245,2.310093,-9.327961
2015-01-13,sh.600000,15.1800,6.022112,1.224019,2.304022,-9.303446
2015-01-14,sh.600000,15.4900,6.145093,1.249016,2.351074,-9.493438
2015-01-15,sh.600000,16.1200,6.395023,1.299815,2.446695,-9.879549
2015-01-16,sh.600000,16.4700,6.533872,1.328037,2.499818,-10.094056
2015-01-19,sh.600000,14.8200,5.879295,1.194991,2.249381,-9.082811
2015-01-20,sh.600000,15.0000,5.950703,1.209505,2.276702,-9.193129
2015-01-21,sh.600000,15.7400,6.244271,1.269174,2.389019,-9.646657
2015-01-22,sh.600000,15.6300,6.200633,1.260304,2.372323,-9.579240
2015-01-23,sh.600000,15.6300,6.200633,1.260304,2.372323,-9.579240
2015-01-26,sh.600000,15.4300,6.121290,1.244178,2.341967,-9.456665
2015-01-27,sh.600000,15.0100,5.954670,1.210311,2.278219,-9.199258
2015-01-28,sh.600000,14.8100,5.875328,1.194185,2.247863,-9.076683
2015-01-29,sh.600000,14.4200,5.720609,1.162738,2.188669,-8.837661
2015-01-30,sh.600000,14.4700,5.740445,1.166769,2.196258,-8.868305
2015-02-02,sh.600000,14.0400,5.569858,1.132097,2.130993,-8.604769
2015-02-03,sh.600000,14.4500,5.732511,1.165157,2.193223,-8.856048
2015-02-04,sh.600000,14.1800,5.625398,1.143385,2.152242,-8.690571
2015-02-05,sh.600000,14.1800,5.625398,1.143385,2.152242,-8.690571
2015-02-06,sh.600000,14.0900,5.589694,1.136128,2.138582,-8.635412
2015-02-09,sh.600000,14.1600,5.617464,1.141773,2.149206,-8.678314
2015-02-10,sh.600000,14.4300,5.724577,1.163544,2.190187,-8.843790
2015-02-11,sh.600000,14.4200,5.720609,1.162738,2.188669,-8.837661
2015-02-12,sh.600000,14.3500,5.692840,1.157093,2.178045,-8.794760
2015-02-13,sh.600000,14.4300,5.724577,1.163544,2.190187,-8.843790
2015-02-16,sh.600000,14.4000,5.712675,1.161125,2.185634,-8.825404
2015-02-17,sh.600000,14.4700,5.740445,1.166769,2.196258,-8.868305
2015-02-25,sh.600000,14.2800,5.665070,1.151449,2.167420,-8.751859
2015-02-26,sh.600000,14.6200,5.799952,1.178864,2.219025,-8.960236
2015-02-27,sh.600000,14.5300,5.764248,1.171607,2.205365,-8.905078
2015-03-02,sh.600000,14.4800,5.744412,1.167576,2.197776,-8.874434
2015-03-03,sh.600000,14.0000,5.553990,1.128871,2.124921,-8.580254
2015-03-04,sh.600000,13.9100,5.518286,1.121614,2.111261,-8.525095
2015-03-05,sh.600000,13.5800,5.387370,1.095005,2.061174,-8.322846
2015-03-06,sh.600000,13.6300,5.407206,1.099037,2.068763,-8.353490
2015-03-09,sh.600000,14.5100,5.756314,1.169995,2.202329,-8.892820
2015-03-10,sh.600000,14.1000,5.593661,1.136935,2.140099,-8.641541
2015-03-11,sh.600000,14.2500,5.653168,1.149030,2.162867,-8.733472
2015-03-12,sh.600000,15.1200,5.998309,1.219181,2.294915,-9.266674
2015-03-13,sh.600000,15.2900,6.065750,1.232889,2.320718,-9.370863
2015-03-16,sh.600000,15.4700,6.137159,1.247403,2.348038,-9.481180
2015-03-17,sh.600000,15.5400,6.164929,1.253047,2.358663,-9.524082
2015-03-18,sh.600000,15.8800,6.299811,1.280463,2.410268,-9.732459
2015-03-19,sh.600000,15.6400,6.203808,1.189762,2.368387,-3.772569
2015-03-20,sh.600000,15.7500,6.247441,1.198130,2.385045,-3.799102
2015-03-23,sh.600000,15.9100,6.310907,1.210301,2.409274,-3.837696
2015-03-24,sh.600000,15.6900,6.223642,1.193565,2.375959,-3.784629
2015-03-25,sh.600000,15.2400,6.045143,1.159333,2.307815,-3.676084
2015-03-26,sh.600000,15.3600,6.092743,1.168462,2.325986,-3.705029
2015-03-27,sh.600000,15.3600,6.092743,1.168462,2.325986,-3.705029
2015-03-30,sh.600000,16.0200,6.354540,1.218669,2.425931,-3.864230
2015-03-31,sh.600000,15.7900,6.263308,1.201173,2.391102,-3.808751
2015-04-01,sh.600000,15.9500,6.326774,1.213344,2.415331,-3.847345
2015-04-02,sh.600000,16.1800,6.418006,1.230840,2.450160,-3.902824
2015-04-03,sh.600000,16.2000,6.425940,1.232362,2.453189,-3.907648
2015-04-07,sh.600000,16.7100,6.628238,1.271159,2.530419,-4.030667
2015-04-08,sh.600000,17.0200,6.751203,1.294741,2.577362,-4.105443
2015-04-09,sh.600000,16.8700,6.691704,1.283330,2.554648,-4.069261
2015-04-10,sh.600000,17.5300,6.953501,1.333537,2.654592,-4.228461
2015-04-13,sh.600000,18.0300,7.151833,1.371573,2.730308,-4.349068
2015-04-14,sh.600000,17.8900,7.096300,1.360923,2.709108,-4.315298
2015-04-15,sh.600000,17.9600,7.124066,1.366248,2.719708,-4.332183
2015-04-16,sh.600000,18.6500,7.397764,1.418738,2.824196,-4.498619
2015-04-17,sh.600000,18.6000,7.377931,1.414934,2.816624,-4.486559
2015-04-20,sh.600000,17.9000,7.100267,1.361684,2.710622,-4.317710
2015-04-21,sh.600000,18.1600,7.203399,1.381463,2.749994,-4.380425
2015-04-22,sh.600000,18.5000,7.338264,1.407327,2.801481,-4.462438
2015-04-23,sh.600000,18.2200,7.227199,1.386027,2.759080,-4.394898
2015-04-24,sh.600000,17.6800,7.013001,1.344948,2.677307,-4.264643
2015-04-27,sh.600000,18.1700,7.207366,1.382223,2.751509,-4.382837
2015-04-28,sh.600000,18.3000,7.258932,1.392113,2.771195,-4.414195
2015-04-29,sh.600000,18.5300,7.350164,1.409609,2.806024,-4.469674
2015-04-30,sh.600000,18.0700,7.094680,1.318867,2.621671,-73.869873
2015-05-04,sh.600000,17.8100,6.992598,1.299891,2.583949,-72.806997
2015-05-05,sh.600000,17.0800,6.705984,1.246611,2.478038,-69.822768
2015-05-06,sh.600000,17.0600,6.698131,1.245151,2.475136,-69.741009
2015-05-07,sh.600000,17.0700,6.702058,1.245881,2.476587,-69.781888
2015-05-08,sh.600000,17.1100,6.717762,1.248800,2.482390,-69.945408
2015-05-11,sh.600000,17.2700,6.780582,1.260478,2.505604,-70.599485
2015-05-12,sh.600000,17.2400,6.768803,1.258289,2.501251,-70.476846
2015-05-13,sh.600000,17.0700,6.702058,1.245881,2.476587,-69.781888
2015-05-14,sh.600000,16.9900,6.670648,1.240042,2.464980,-69.454850
2015-05-15,sh.600000,16.7800,6.588197,1.224715,2.434512,-68.596373
2015-05-18,sh.600000,16.3800,6.431148,1.195520,2.376479,-66.961179
2015-05-19,sh.600000,17.0400,6.690279,1.243691,2.472234,-69.659249
2015-05-20,sh.600000,17.1500,6.733467,1.251720,2.488193,-70.108927
2015-05-21,sh.600000,17.3200,6.800213,1.264128,2.512858,-70.803884
2015-05-22,sh.600000,17.7600,6.972967,1.296242,2.576695,-72.602597
2015-05-25,sh.600000,18.1400,7.122163,1.323977,2.631827,-74.156031
2015-05-26,sh.600000,18.3900,7.220319,1.342223,2.668098,-75.178027
2015-05-27,sh.600000,18.0700,7.094680,1.318867,2.621671,-73.869873
2015-05-28,sh.600000,17.0400,6.690279,1.243691,2.472234,-69.659249
2015-05-29,sh.600000,17.0400,6.690279,1.243691,2.472234,-69.659249
2015-06-01,sh.600000,17.9300,7.039713,1.308649,2.601359,-73.297555
2015-06-02,sh.600000,17.8400,7.004377,1.302081,2.588302,-72.929636
2015-06-03,sh.600000,17.9000,7.027934,1.306460,2.597007,-73.174915
2015-06-04,sh.600000,18.6300,7.314548,1.359740,2.702918,-76.159144
2015-06-05,sh.600000,18.4300,7.236024,1.345143,2.673901,-75.341547
2015-06-08,sh.600000,18.4300,7.236024,1.345143,2.673901,-75.341547
2015-06-09,sh.600000,18.4300,7.236024,1.345143,2.673901,-75.341547
2015-06-10,sh.600000,18.4300,7.236024,1.345143,2.673901,-75.341547
2015-06-11,sh.600000,18.4300,7.236024,1.345143,2.673901,-75.341547
2015-06-12,sh.600000,18.4300,7.236024,1.345143,2.673901,-75.341547
2015-06-15,sh.600000,18.4300,7.236024,1.345143,2.673901,-75.341547
2015-06-16,sh.600000,18.4300,7.236024,1.345143,2.673901,-75.341547
2015-06-17,sh.600000,18.2000,7.145720,1.328356,2.640532,-74.401310
2015-06-18,sh.600000,17.7200,6.957262,1.293322,2.570891,-72.439078
2015-06-19,sh.600000,17.0700,6.702058,1.245881,2.476587,-69.781888
2015-06-23,sh.600000,17.0200,6.682427,1.242232,2.469333,-69.577489
2015-06-24,sh.600000,17.2500,6.772730,1.259018,2.502702,-70.517726
2015-06-25,sh.600000,16.7100,6.560714,1.219606,2.424356,-68.310214
2015-06-26,sh.600000,15.8500,6.223059,1.156837,2.299584,-64.794548
2015-06-29,sh.600000,15.9100,6.246616,1.161216,2.308289,-65.039827
2015-06-30,sh.600000,16.9600,6.658869,1.237852,2.460627,-69.332210
2015-07-01,sh.600000,16.3200,6.407591,1.191141,2.367774,-66.715900
2015-07-02,sh.600000,16.3700,6.427222,1.194790,2.375028,-66.920300
2015-07-03,sh.600000,15.8700,6.230911,1.158297,2.302486,-64.876308
2015-07-06,sh.600000,17.2200,6.760951,1.256829,2.498349,-70.395086
2015-07-07,sh.600000,17.5700,6.898369,1.282374,2.549129,-71.825881
2015-07-08,sh.600000,15.9500,6.262321,1.164136,2.314092,-65.203346
2015-07-09,sh.600000,16.9500,6.654943,1.237122,2.459177,-69.291330
2015-07-10,sh.600000,17.2800,6.784508,1.261208,2.507054,-70.640365
2015-07-13,sh.600000,17.0400,6.690279,1.243691,2.472234,-69.659249
2015-07-14,sh.600000,16.7500,6.576419,1.222525,2.430160,-68.473734
2015-07-15,sh.600000,17.0700,6.702058,1.245881,2.476587,-69.781888
2015-07-16,sh.600000,16.9600,6.658869,1.237852,2.460627,-69.332210
2015-07-17,sh.600000,17.0200,6.682427,1.242232,2.469333,-69.577489
2015-07-20,sh.600000,16.6800,6.548935,1.217416,2.420004,-68.187575
2015-07-21,sh.600000,16.3800,6.431148,1.195520,2.376479,-66.961179
2015-07-22,sh.600000,16.1600,6.344772,1.179463,2.344560,-66.061823
2015-07-23,sh.600000,16.4300,6.450780,1.199169,2.383733,-67.165579
2015-07-24,sh.600000,16.1400,6.336919,1.178003,2.341658,-65.980063
2015-07-27,sh.600000,14.9100,5.853994,1.088230,2.163205,-60.951843
2015-07-28,sh.600000,15.2400,5.983559,1.112315,2.211083,-62.300878
2015-07-29,sh.600000,15.2900,6.003190,1.115965,2.218337,-62.505277
2015-07-30,sh.600000,14.9000,5.850068,1.087500,2.161754,-60.910963
2015-07-31,sh.600000,15.0700,5.916814,1.099908,2.186418,-61.605920
2015-08-03,sh.600000,15.5500,6.105272,1.134941,2.256059,-63.568153
2015-08-04,sh.600000,15.6200,6.132756,1.140050,2.266215,-63.854312
2015-08-05,sh.600000,15.3100,6.011043,1.117424,2.221239,-62.587036
2015-08-06,sh.600000,15.3800,6.038526,1.122534,2.231394,-62.873195
2015-08-07,sh.600000,15.4700,6.073862,1.129102,2.244452,-63.241114
2015-08-10,sh.600000,15.7800,6.195575,1.151728,2.289428,-64.508389
2015-08-11,sh.600000,15.5700,6.113125,1.136401,2.258960,-63.649912
2015-08-12,sh.600000,15.3900,6.042453,1.123263,2.232845,-62.914075
2015-08-13,sh.600000,15.4500,6.066010,1.127643,2.241550,-63.159354
2015-08-14,sh.600000,15.4900,6.081715,1.130562,2.247354,-63.322874
2015-08-17,sh.600000,15.3200,6.014969,1.118154,2.222689,-62.627916
2015-08-18,sh.600000,14.8700,5.838289,1.085310,2.157402,-60.788323
2015-08-19,sh.600000,15.0000,5.889330,1.094799,2.176263,-61.319761
2015-08-20,sh.600000,14.6800,5.672590,1.070597,2.030814,7.524744
2015-08-21,sh.600000,14.2200,5.494839,1.037049,1.967178,7.288955
2015-08-24,sh.600000,12.8700,4.973177,0.938595,1.780421,6.596966
2015-08-25,sh.600000,12.3900,4.787697,0.903590,1.714018,6.350925
2015-08-26,sh.600000,13.0200,5.031140,0.949535,1.801172,6.673853
2015-08-27,sh.600000,13.9800,5.402099,1.019547,1.933977,7.165935
2015-08-28,sh.600000,14.2400,5.502567,1.038508,1.969945,7.299207
2015-08-31,sh.600000,14.9600,5.780787,1.091017,2.069549,7.668268
2015-09-01,sh.600000,15.3300,5.923761,1.118001,2.120734,7.857924
2015-09-02,sh.600000,14.8900,5.753738,1.085912,2.059865,7.632387
2015-09-07,sh.600000,14.5000,5.603036,1.057470,2.005913,7.432479
2015-09-08,sh.600000,15.0600,5.819429,1.098310,2.083383,7.719526
2015-09-09,sh.600000,15.1600,5.858070,1.105603,2.097217,7.770785
2015-09-10,sh.600000,15.2500,5.892848,1.112166,2.109667,7.816917
2015-09-11,sh.600000,15.5600,6.012637,1.134774,2.152552,7.975819
2015-09-14,sh.600000,15.9300,6.155611,1.161758,2.203738,8.165475
2015-09-15,sh.600000,15.4600,5.973995,1.127481,2.138719,7.924560
2015-09-16,sh.600000,15.4300,5.962403,1.125293,2.134568,7.909183
2015-09-17,sh.600000,15.1100,5.838749,1.101956,2.090300,7.745155
2015-09-18,sh.600000,15.0300,5.807836,1.096122,2.079233,7.704149
2015-09-21,sh.600000,14.9700,5.784651,1.091746,2.070932,7.673394
2015-09-22,sh.600000,15.0500,5.815564,1.097580,2.082000,7.714400
2015-09-23,sh.600000,14.9500,5.776923,1.090288,2.068166,7.663142
2015-09-24,sh.600000,15.2700,5.900576,1.113625,2.112434,7.827169
2015-09-25,sh.600000,15.5900,6.024229,1.136962,2.156703,7.991196
2015-09-28,sh.600000,15.9200,6.151747,1.161029,2.202354,8.160349
2015-09-29,sh.600000,15.9700,6.171067,1.164675,2.209271,8.185978
2015-09-30,sh.600000,16.6300,6.426102,1.212808,2.300575,8.524284
2015-10-08,sh.600000,15.8700,6.132426,1.157382,2.195437,8.134720
2015-10-09,sh.600000,15.9000,6.144018,1.159570,2.199588,8.150097
2015-10-12,sh.600000,16.0600,6.205845,1.171239,2.221722,8.232111
2015-10-13,sh.600000,15.9700,6.171067,1.164675,2.209271,8.185978
2015-10-14,sh.600000,15.9000,6.144018,1.159570,2.199588,8.150097
2015-10-15,sh.600000,15.9000,6.144018,1.159570,2.199588,8.150097
2015-10-16,sh.600000,15.9000,6.144018,1.159570,2.199588,8.150097
2015-10-19,sh.600000,15.9000,6.144018,1.159570,2.199588,8.150097
2015-10-20,sh.600000,15.9000,6.144018,1.159570,2.199588,8.150097
2015-10-21,sh.600000,15.9000,6.144018,1.159570,2.199588,8.150097
2015-10-22,sh.600000,15.9000,6.144018,1.159570,2.199588,8.150097
2015-10-23,sh.600000,15.9000,6.144018,1.159570,2.199588,8.150097
2015-10-26,sh.600000,16.2800,6.290856,1.187283,2.252156,8.344880
2015-10-27,sh.600000,16.3200,6.306313,1.190200,2.257690,8.365383
2015-10-28,sh.600000,16.3100,6.302449,1.189471,2.256307,8.360257
2015-10-29,sh.600000,16.5900,6.410646,1.209891,2.295041,8.503781
2015-10-30,sh.600000,16.3900,6.190253,1.130890,2.152425,1.586767
2015-11-02,sh.600000,16.4100,6.197807,1.132270,2.155051,1.588704
2015-11-03,sh.600000,16.4600,6.216691,1.135720,2.161617,1.593544
2015-11-04,sh.600000,16.8400,6.360211,1.161939,2.211521,1.630333
2015-11-05,sh.600000,17.7100,6.688797,1.221968,2.325774,1.714561
2015-11-06,sh.600000,17.8800,6.753003,1.233698,2.348100,1.731019
2015-11-09,sh.600000,18.1500,6.854978,1.252328,2.383557,1.757158
2015-11-10,sh.600000,18.3700,6.938069,1.267507,2.412449,1.778457
2015-11-11,sh.600000,17.7300,6.696350,1.223348,2.328401,1.716497
2015-11-12,sh.600000,17.3600,6.556607,1.197819,2.279810,1.680676
2015-11-13,sh.600000,17.5800,6.639698,1.212998,2.308702,1.701975
2015-11-16,sh.600000,17.4200,6.579268,1.201959,2.287690,1.686485
2015-11-17,sh.600000,17.4400,6.586822,1.203338,2.290316,1.688421
2015-11-18,sh.600000,17.3900,6.567938,1.199889,2.283750,1.683580
2015-11-19,sh.600000,17.9000,6.760557,1.235078,2.350726,1.732955
2015-11-20,sh.600000,18.4700,6.975837,1.274407,2.425582,1.788139
2015-11-23,sh.600000,19.0600,7.198671,1.315116,2.503064,1.845258
2015-11-24,sh.600000,19.0500,7.194894,1.314426,2.501750,1.844290
2015-11-25,sh.600000,19.6700,7.429059,1.357206,2.583172,1.904314
2015-11-26,sh.600000,19.3700,7.315753,1.336506,2.543775,1.875270
2015-11-27,sh.600000,18.5300,6.998498,1.278547,2.433461,1.793947
2015-11-30,sh.600000,18.6500,7.043820,1.286827,2.449220,1.805565
2015-12-01,sh.600000,18.6600,7.047597,1.287517,2.450533,1.806533
2015-12-02,sh.600000,19.8500,7.497042,1.369626,2.606811,1.921741
2015-12-03,sh.600000,19.2500,7.270431,1.328226,2.528016,1.863653
2015-12-04,sh.600000,18.7100,7.066481,1.290967,2.457100,1.811374
2015-12-07,sh.600000,19.4500,7.345968,1.342026,2.554281,1.883016
2015-12-08,sh.600000,20.1000,7.591463,1.386875,2.639642,1.945944
2015-12-09,sh.600000,19.2300,7.262877,1.326846,2.525389,1.861717
2015-12-10,sh.600000,19.2700,7.277985,1.329606,2.530642,1.865589
2015-12-11,sh.600000,18.6000,7.024936,1.283377,2.442654,1.800724
2015-12-14,sh.600000,18.4500,6.968283,1.273027,2.422955,1.786202
2015-12-15,sh.600000,18.3100,6.915408,1.263367,2.404570,1.772649
2015-12-16,sh.600000,18.1800,6.866308,1.254398,2.387497,1.760063
2015-12-17,sh.600000,18.4900,6.983391,1.275787,2.428208,1.790075
2015-12-18,sh.600000,18.8100,7.104250,1.297867,2.470232,1.821055
2015-12-21,sh.600000,19.1400,7.228886,1.320636,2.513570,1.853003
2015-12-22,sh.600000,18.9000,7.138242,1.304077,2.482052,1.829768
2015-12-23,sh.600000,18.8800,7.130688,1.302697,2.479425,1.827832
2015-12-24,sh.600000,19.0400,7.191117,1.313737,2.500437,1.843322
2015-12-25,sh.600000,19.3200,7.296869,1.333056,2.537208,1.870430
2015-12-28,sh.600000,18.7000,7.062705,1.290277,2.455787,1.810406
2015-12-29,sh.600000,18.7400,7.077812,1.293037,2.461040,1.814278
2015-12-30,sh.600000,18.5700,7.013606,1.281307,2.438714,1.797820
2015-12-31,sh.600000,18.2700,6.900300,1.260607,2.399317,1.768776
2016-01-04,sh.600000,17.8000,6.722788,1.228178,2.337594,1.723274
2016-01-05,sh.600000,17.9600,6.621138,1.239218,2.286130,1.738764
2016-01-06,sh.600000,18.1000,6.672751,1.248878,2.303951,1.752318
2016-01-07,sh.600000,17.5100,6.455241,1.208168,2.228849,1.695198
2016-01-08,sh.600000,17.4900,6.447868,1.206788,2.226304,1.693262
2016-01-11,sh.600000,17.0500,6.285657,1.176429,2.170296,1.650664
2016-01-12,sh.600000,17.4500,6.433121,1.204028,2.221212,1.689389
2016-01-13,sh.600000,17.3900,6.411002,1.199889,2.213575,1.683580
2016-01-14,sh.600000,17.9200,6.606392,1.236458,2.281038,1.734891
2016-01-15,sh.600000,17.5800,6.481047,1.212998,2.237760,1.701975
2016-01-18,sh.600000,17.6800,6.517913,1.219898,2.250489,1.711656
2016-01-19,sh.600000,17.7700,6.551093,1.226108,2.261945,1.720369
2016-01-20,sh.600000,17.2500,6.359389,1.190229,2.195754,1.670027
2016-01-21,sh.600000,16.5800,6.112387,1.144000,2.110470,1.605162
2016-01-22,sh.600000,17.0200,6.274597,1.174359,2.166477,1.647760
2016-01-25,sh.600000,17.0300,6.278284,1.175049,2.167750,1.648728
2016-01-26,sh.600000,16.6600,6.141880,1.149519,2.120653,1.612907
2016-01-27,sh.600000,16.6800,6.149253,1.150899,2.123199,1.614843
2016-01-28,sh.600000,16.5800,6.112387,1.144000,2.110470,1.605162
2016-01-29,sh.600000,16.9000,6.230358,1.166079,2.151202,1.636142
2016-02-01,sh.600000,16.5000,6.082894,1.138480,2.100286,1.597417
2016-02-02,sh.600000,16.7600,6.178746,1.156419,2.133382,1.622588
2016-02-03,sh.600000,16.6100,6.123447,1.146070,2.114288,1.608066
2016-02-04,sh.600000,17.3000,6.377822,1.193679,2.202119,1.674867
2016-02-05,sh.600000,18.3800,6.775975,1.268197,2.339592,1.779425
2016-02-15,sh.600000,18.4500,6.801782,1.273027,2.348502,1.786202
2016-02-16,sh.600000,18.4500,6.801782,1.273027,2.348502,1.786202
2016-02-17,sh.600000,18.4500,6.801782,1.273027,2.348502,1.786202
2016-02-18,sh.600000,18.4500,6.801782,1.273027,2.348502,1.786202
2016-02-19,sh.600000,18.4500,6.801782,1.273027,2.348502,1.786202
2016-02-22,sh.600000,18.4500,6.801782,1.273027,2.348502,1.786202
2016-02-23,sh.600000,18.4500,6.801782,1.273027,2.348502,1.786202
2016-02-24,sh.600000,18.4500,6.801782,1.273027,2.348502,1.786202
2016-02-25,sh.600000,18.4500,6.801782,1.273027,2.348502,1.786202
2016-02-26,sh.600000,18.4500,6.801782,1.273027,2.348502,1.786202
2016-02-29,sh.600000,18.4500,6.801782,1.273027,2.348502,1.786202
2016-03-01,sh.600000,18.4500,6.801782,1.273027,2.348502,1.786202
2016-03-02,sh.600000,18.4500,6.801782,1.273027,2.348502,1.786202
2016-03-03,sh.600000,18.4500,6.801782,1.273027,2.348502,1.786202
2016-03-04,sh.600000,18.4500,6.801782,1.273027,2.348502,1.786202
2016-03-07,sh.600000,18.4500,6.801782,1.273027,2.348502,1.786202
2016-03-08,sh.600000,18.4500,6.801782,1.273027,2.348502,1.786202
2016-03-09,sh.600000,18.4500,6.801782,1.273027,2.348502,1.786202
2016-03-10,sh.600000,18.4500,6.801782,1.273027,2.348502,1.786202
2016-03-11,sh.600000,16.9700,6.256164,1.170909,2.160113,1.642919
2016-03-14,sh.600000,16.8600,6.215612,1.163319,2.146111,1.632270
2016-03-15,sh.600000,17.0200,6.274597,1.174359,2.166477,1.647760
2016-03-16,sh.600000,18.0300,6.646944,1.244048,2.295040,1.745541
2016-03-17,sh.600000,17.7000,6.525286,1.221278,2.253035,1.713593
2016-03-18,sh.600000,17.8400,6.929309,1.296895,2.392535,1.819692
2016-03-21,sh.600000,18.0600,7.014760,1.312889,2.422039,1.842132
2016-03-22,sh.600000,18.1500,7.049718,1.319431,2.434109,1.851312
2016-03-23,sh.600000,18.1300,7.041949,1.317977,2.431427,1.849272
2016-03-24,sh.600000,17.7200,6.882700,1.288172,2.376441,1.807452
2016-03-25,sh.600000,17.7400,6.890468,1.289626,2.379124,1.809492
2016-03-28,sh.600000,17.4500,6.777828,1.268544,2.340231,1.779912
2016-03-29,sh.600000,17.4500,6.777828,1.268544,2.340231,1.779912
2016-03-30,sh.600000,17.8700,6.940962,1.299076,2.396558,1.822752
2016-03-31,sh.600000,17.9300,6.964267,1.303438,2.404605,1.828872
2016-04-01,sh.600000,18.1800,7.061370,1.321612,2.438132,1.854372
2016-04-05,sh.600000,18.1700,7.057486,1.320885,2.436791,1.853352
2016-04-06,sh.600000,17.9600,6.975919,1.305619,2.408628,1.831932
2016-04-07,sh.600000,17.6900,6.870233,1.218795,2.372305,4.580336
2016-04-08,sh.600000,17.6000,6.835279,1.212594,2.360235,4.557033
2016-04-11,sh.600000,17.6700,6.862465,1.217417,2.369623,4.575158
2016-04-12,sh.600000,17.6200,6.843047,1.213972,2.362917,4.562211
2016-04-13,sh.600000,17.7400,6.889651,1.222240,2.379010,4.593282
2016-04-14,sh.600000,17.8000,6.912953,1.226374,2.387056,4.608818
2016-04-15,sh.600000,17.8900,6.947906,1.232574,2.399126,4.632121
2016-04-18,sh.600000,17.8100,6.916837,1.227063,2.388397,4.611407
2016-04-19,sh.600000,17.9000,6.951790,1.233263,2.400467,4.634710
2016-04-20,sh.600000,17.9600,6.975092,1.237397,2.408513,4.650245
2016-04-21,sh.600000,18.1200,7.037231,1.248421,2.429969,4.691673
2016-04-22,sh.600000,18.2400,7.083835,1.256688,2.446062,4.722743
2016-04-25,sh.600000,17.8800,6.944022,1.231885,2.397784,4.629531
2016-04-26,sh.600000,17.9200,6.959557,1.234641,2.403149,4.639888
2016-04-27,sh.600000,17.8600,6.936255,1.230507,2.395102,4.624353
2016-04-28,sh.600000,17.9000,6.951790,1.233263,2.400467,4.634710
2016-04-29,sh.600000,17.8300,6.924604,1.228441,2.391079,4.616585
2016-05-03,sh.600000,18.1200,6.677267,1.135199,2.286434,3.972913
2016-05-04,sh.600000,18.0800,6.662527,1.132693,2.281386,3.964142
2016-05-05,sh.600000,18.0600,6.655157,1.131440,2.278863,3.959757
2016-05-06,sh.600000,17.7300,6.533551,1.110766,2.237222,3.887403
2016-05-09,sh.600000,17.5100,6.452481,1.096983,2.209462,3.839167
2016-05-10,sh.600000,17.4800,6.441426,1.095104,2.205677,3.832589
2016-05-11,sh.600000,17.4500,6.430371,1.093225,2.201891,3.826011
2016-05-12,sh.600000,17.4100,6.415631,1.090719,2.196844,3.817241
2016-05-13,sh.600000,17.2400,6.352985,1.080068,2.175393,3.779968
2016-05-16,sh.600000,17.2900,6.371410,1.083201,2.181702,3.790930
2016-05-17,sh.600000,17.2500,6.356670,1.080695,2.176654,3.782160
2016-05-18,sh.600000,17.5600,6.470906,1.100116,2.215771,3.850130
2016-05-19,sh.600000,17.3500,6.393520,1.086960,2.189273,3.804086
2016-05-20,sh.600000,17.4500,6.430371,1.093225,2.201891,3.826011
2016-05-23,sh.600000,17.5500,6.467221,1.099489,2.214509,3.847937
2016-05-24,sh.600000,17.5500,6.467221,1.099489,2.214509,3.847937
2016-05-25,sh.600000,17.6700,6.511441,1.107007,2.229651,3.874248
2016-05-26,sh.600000,17.7000,6.522496,1.108887,2.233437,3.880825
2016-05-27,sh.600000,17.7400,6.537236,1.111393,2.238484,3.889596
2016-05-30,sh.600000,17.9500,6.614622,1.124549,2.264982,3.935639
2016-05-31,sh.600000,18.2900,6.739913,1.145850,2.307885,4.010186
2016-06-01,sh.600000,18.1900,6.703063,1.139585,2.295266,3.988261
2016-06-02,sh.600000,18.0200,6.640417,1.128934,2.273815,3.950987
2016-06-03,sh.600000,18.0100,6.636732,1.128308,2.272553,3.948795
2016-06-06,sh.600000,18.0200,6.640417,1.128934,2.273815,3.950987
2016-06-07,sh.600000,18.0200,6.640417,1.128934,2.273815,3.950987
2016-06-08,sh.600000,17.9900,6.629362,1.127055,2.270030,3.944409
2016-06-13,sh.600000,17.7800,6.551977,1.113899,2.243531,3.898366
2016-06-14,sh.600000,17.7900,6.555662,1.114525,2.244793,3.900558
2016-06-15,sh.600000,17.7400,6.537236,1.111393,2.238484,3.889596
2016-06-16,sh.600000,17.8000,6.559347,1.115152,2.246055,3.902751
2016-06-17,sh.600000,17.7700,6.548292,1.113272,2.242270,3.896173
2016-06-20,sh.600000,17.8500,6.577772,1.118284,2.252364,3.913714
2016-06-21,sh.600000,17.7800,6.551977,1.113899,2.243531,3.898366
2016-06-22,sh.600000,17.8900,6.592512,1.120790,2.257412,3.922484
2016-06-23,sh.600000,15.7200,6.372147,1.083326,2.181954,3.791369
2016-06-24,sh.600000,15.2800,6.193792,1.053004,2.120882,3.685249
2016-06-27,sh.600000,15.3100,6.205953,1.055071,2.125046,3.692485
2016-06-28,sh.600000,15.2800,6.193792,1.053004,2.120882,3.685249
2016-06-29,sh.600000,15.5000,6.282970,1.068165,2.151418,3.738309
2016-06-30,sh.600000,15.5700,6.311344,1.072989,2.161134,3.755192
2016-07-01,sh.600000,15.9200,6.453218,1.097109,2.209714,3.839605
2016-07-04,sh.600000,15.9300,6.457271,1.097798,2.211102,3.842017
2016-07-05,sh.600000,15.7900,6.400522,1.088150,2.191670,3.808252
2016-07-06,sh.600000,15.6400,6.339719,1.077813,2.170850,3.772075
2016-07-07,sh.600000,15.5700,6.311344,1.072989,2.161134,3.755192
2016-07-08,sh.600000,15.4500,6.262702,1.064719,2.144478,3.726250
2016-07-11,sh.600000,15.4300,6.254595,1.063341,2.141702,3.721426
2016-07-12,sh.600000,15.6400,6.339719,1.077813,2.170850,3.772075
2016-07-13,sh.600000,15.7900,6.400522,1.088150,2.191670,3.808252
2016-07-14,sh.600000,15.7000,6.364040,1.081948,2.179178,3.786545
2016-07-15,sh.600000,15.7100,6.368094,1.082637,2.180566,3.788957
2016-07-18,sh.600000,15.7700,6.392415,1.086772,2.188894,3.803428
2016-07-19,sh.600000,15.7300,6.376201,1.084015,2.183342,3.793781
2016-07-20,sh.600000,15.7500,6.384308,1.085393,2.186118,3.798604
2016-07-21,sh.600000,15.8300,6.416736,1.090907,2.197222,3.817899
2016-07-22,sh.600000,15.6300,6.335666,1.077124,2.169462,3.769663
2016-07-25,sh.600000,15.6900,6.359987,1.081259,2.177790,3.784134
2016-07-26,sh.600000,15.7400,6.380254,1.084704,2.184730,3.796193
2016-07-27,sh.600000,15.8700,6.432950,1.093663,2.202774,3.827546
2016-07-28,sh.600000,15.6800,6.355933,1.080569,2.176402,3.781722
2016-07-29,sh.600000,15.7000,6.364040,1.081948,2.179178,3.786545
2016-08-01,sh.600000,15.8000,6.404576,1.088839,2.193058,3.810663
2016-08-02,sh.600000,15.7500,6.384308,1.085393,2.186118,3.798604
2016-08-03,sh.600000,15.6700,6.351880,1.079880,2.175014,3.779310
2016-08-04,sh.600000,15.5900,6.319451,1.074367,2.163910,3.760015
2016-08-05,sh.600000,15.7300,6.376201,1.084015,2.183342,3.793781
2016-08-08,sh.600000,15.7400,6.380254,1.084704,2.184730,3.796193
2016-08-09,sh.600000,15.7900,6.400522,1.088150,2.191670,3.808252
2016-08-10,sh.600000,15.8300,6.416736,1.090907,2.197222,3.817899
2016-08-11,sh.600000,16.0700,6.497087,1.101051,2.198478,4.877719
2016-08-12,sh.600000,16.3600,6.614334,1.120920,2.238152,4.965742
2016-08-15,sh.600000,16.9400,6.848828,1.160660,2.317500,5.141789
2016-08-16,sh.600000,16.7000,6.751796,1.144216,2.284666,5.068942
2016-08-17,sh.600000,16.6400,6.727538,1.140105,2.276458,5.050730
2016-08-18,sh.600000,16.4400,6.646678,1.126402,2.249097,4.990025
2016-08-19,sh.600000,16.4200,6.638592,1.125031,2.246361,4.983954
2016-08-22,sh.600000,16.4100,6.634549,1.124346,2.244993,4.980919
2016-08-23,sh.600000,16.4000,6.630506,1.123661,2.243625,4.977883
2016-08-24,sh.600000,16.3900,6.626463,1.122976,2.242256,4.974848
2016-08-25,sh.600000,16.3400,6.606248,1.119550,2.235416,4.959672
2016-08-26,sh.600000,16.3400,6.606248,1.119550,2.235416,4.959672
2016-08-29,sh.600000,16.2300,6.561775,1.112013,2.220367,4.926283
2016-08-30,sh.600000,16.4000,6.630506,1.123661,2.243625,4.977883
2016-08-31,sh.600000,16.4800,6.662850,1.129142,2.254569,5.002166
2016-09-01,sh.600000,16.4100,6.634549,1.124346,2.244993,4.980919
2016-09-02,sh.600000,16.4800,6.662850,1.129142,2.254569,5.002166
2016-09-05,sh.600000,16.4900,6.666893,1.129828,2.255937,5.005201
2016-09-06,sh.600000,16.4100,6.634549,1.124346,2.244993,4.980919
2016-09-07,sh.600000,16.4800,6.662850,1.129142,2.254569,5.002166
2016-09-08,sh.600000,16.6000,6.711366,1.137364,2.270986,5.038589
2016-09-09,sh.600000,16.5600,6.695194,1.134624,2.265514,5.026448
2016-09-12,sh.600000,16.4000,6.630506,1.123661,2.243625,4.977883
2016-09-13,sh.600000,16.4500,6.650721,1.127087,2.250465,4.993060
2016-09-14,sh.600000,16.4000,6.630506,1.123661,2.243625,4.977883
2016-09-19,sh.600000,16.4600,6.654764,1.127772,2.251833,4.996095
2016-09-20,sh.600000,16.4600,6.654764,1.127772,2.251833,4.996095
2016-09-21,sh.600000,16.4500,6.650721,1.127087,2.250465,4.993060
2016-09-22,sh.600000,16.5300,6.683065,1.132568,2.261409,5.017342
2016-09-23,sh.600000,16.4800,6.662850,1.129142,2.254569,5.002166
2016-09-26,sh.600000,16.4800,6.662850,1.129142,2.254569,5.002166
2016-09-27,sh.600000,16.4800,6.662850,1.129142,2.254569,5.002166
2016-09-28,sh.600000,16.4800,6.662850,1.129142,2.254569,5.002166
2016-09-29,sh.600000,16.5000,6.670936,1.130513,2.257305,5.008236
2016-09-30,sh.600000,16.4900,6.666893,1.129828,2.255937,5.005201
2016-10-10,sh.600000,16.5500,6.691151,1.133938,2.264145,5.023413
2016-10-11,sh.600000,16.5700,6.699237,1.135309,2.266882,5.029483
2016-10-12,sh.600000,16.5100,6.674979,1.131198,2.258673,5.011272
2016-10-13,sh.600000,16.4300,6.642635,1.125717,2.247729,4.986989
2016-10-14,sh.600000,16.4600,6.654764,1.127772,2.251833,4.996095
2016-10-17,sh.600000,16.2700,6.577947,1.114754,2.225840,4.938425
2016-10-18,sh.600000,16.3400,6.606248,1.119550,2.235416,4.959672
2016-10-19,sh.600000,16.2700,6.577947,1.114754,2.225840,4.938425
2016-10-20,sh.600000,16.2900,6.586033,1.116124,2.228576,4.944495
2016-10-21,sh.600000,16.3000,6.590076,1.116809,2.229944,4.947530
2016-10-24,sh.600000,16.4700,6.658807,1.128457,2.253201,4.999130
2016-10-25,sh.600000,16.4200,6.638592,1.125031,2.246361,4.983954
2016-10-26,sh.600000,16.3200,6.598162,1.118180,2.232680,4.953601
2016-10-27,sh.600000,16.1900,6.545603,1.109273,2.214895,4.914142
2016-10-28,sh.600000,16.2900,6.586033,1.116124,2.228576,4.944495
2016-10-31,sh.600000,16.2700,6.498585,1.066199,2.214279,-5.549446
2016-11-01,sh.600000,16.3000,6.510568,1.068165,2.218362,-5.559678
2016-11-02,sh.600000,16.2000,6.470626,1.061612,2.204753,-5.525570
2016-11-03,sh.600000,16.3500,6.530539,1.071441,2.225167,-5.576732
2016-11-04,sh.600000,16.4000,6.550510,1.074718,2.231972,-5.593787
2016-11-07,sh.600000,16.4200,6.558498,1.076029,2.234694,-5.600608
2016-11-08,sh.600000,16.4700,6.578469,1.079305,2.241498,-5.617663
2016-11-09,sh.600000,16.4600,6.574475,1.078650,2.240138,-5.614252
2016-11-10,sh.600000,16.5700,6.618411,1.085858,2.255108,-5.651771
2016-11-11,sh.600000,16.5900,6.626400,1.087169,2.257830,-5.658593
2016-11-14,sh.600000,16.6000,6.630394,1.087824,2.259191,-5.662004
2016-11-15,sh.600000,16.5900,6.626400,1.087169,2.257830,-5.658593
2016-11-16,sh.600000,16.6000,6.630394,1.087824,2.259191,-5.662004
2016-11-17,sh.600000,16.6000,6.630394,1.087824,2.259191,-5.662004
2016-11-18,sh.600000,16.6000,6.630394,1.087824,2.259191,-5.662004
2016-11-21,sh.600000,16.6400,6.646371,1.090446,2.264635,-5.675647
2016-11-22,sh.600000,16.6800,6.662348,1.093067,2.270079,-5.689290
2016-11-23,sh.600000,16.9300,6.762203,1.109450,2.304103,-5.774561
2016-11-24,sh.600000,16.8900,6.746226,1.106828,2.298659,-5.760918
2016-11-25,sh.600000,17.0900,6.826110,1.119935,2.325878,-5.829135
2016-11-28,sh.600000,17.2100,6.874041,1.127799,2.342209,-5.870065
2016-11-29,sh.600000,17.2600,6.894012,1.131075,2.349014,-5.887119
2016-11-30,sh.600000,17.1600,6.854070,1.124522,2.335405,-5.853011
2016-12-01,sh.600000,17.1500,6.850076,1.123867,2.334044,-5.849600
2016-12-02,sh.600000,17.1000,6.830105,1.120590,2.327239,-5.832546
2016-12-05,sh.600000,17.3000,6.909989,1.133696,2.354458,-5.900763
2016-12-06,sh.600000,17.2200,6.878035,1.128454,2.343570,-5.873476
2016-12-07,sh.600000,17.0700,6.818122,1.118624,2.323156,-5.822313
2016-12-08,sh.600000,17.1400,6.846082,1.123211,2.332683,-5.846189
2016-12-09,sh.600000,17.3400,6.925966,1.136318,2.359902,-5.914406
2016-12-12,sh.600000,17.4900,6.985879,1.146147,2.380316,-5.965569
2016-12-13,sh.600000,17.1700,6.858064,1.125177,2.336766,-5.856422
2016-12-14,sh.600000,17.1800,6.862058,1.125833,2.338127,-5.859833
2016-12-15,sh.600000,16.7000,6.670336,1.094377,2.272801,-5.696112
2016-12-16,sh.600000,16.6600,6.654359,1.091756,2.267357,-5.682469
2016-12-19,sh.600000,16.5200,6.598440,1.082582,2.248303,-5.634717
2016-12-20,sh.600000,16.2800,6.502579,1.066854,2.215640,-5.552856
2016-12-21,sh.600000,16.3200,6.518556,1.069475,2.221084,-5.566500
2016-12-22,sh.600000,16.1900,6.466631,1.060956,2.203392,-5.522159
2016-12-23,sh.600000,16.1900,6.466631,1.060956,2.203392,-5.522159
2016-12-26,sh.600000,16.2500,6.490597,1.064888,2.211557,-5.542624
2016-12-27,sh.600000,16.1400,6.446660,1.057680,2.196587,-5.505105
2016-12-28,sh.600000,16.0900,6.426689,1.054403,2.189782,-5.488050
2016-12-29,sh.600000,16.0700,6.418701,1.053093,2.187060,-5.481229
2016-12-30,sh.600000,16.2100,6.474620,1.062267,2.206114,-5.528981
2017-01-03,sh.600000,16.3000,6.510568,1.068165,2.218362,-5.559678
2017-01-04,sh.600000,16.3300,6.648459,1.070131,2.195548,-5.569911
2017-01-05,sh.600000,16.3000,6.636245,1.068165,2.191514,-5.559678
2017-01-06,sh.600000,16.1800,6.587389,1.060301,2.175380,-5.518748
2017-01-09,sh.600000,16.2000,6.595532,1.061612,2.178069,-5.525570
2017-01-10,sh.600000,16.1900,6.591460,1.060956,2.176725,-5.522159
2017-01-11,sh.600000,16.1600,6.579246,1.058990,2.172691,-5.511926
2017-01-12,sh.600000,16.1200,6.562961,1.056369,2.167314,-5.498283
2017-01-13,sh.600000,16.2700,6.624031,1.066199,2.187481,-5.549446
2017-01-16,sh.600000,16.5600,6.742099,1.085203,2.226471,-5.648360
2017-01-17,sh.600000,16.4000,6.676958,1.074718,2.204959,-5.593787
2017-01-18,sh.600000,16.4800,6.709528,1.079961,2.215715,-5.621073
2017-01-19,sh.600000,16.5400,6.733956,1.083892,2.223782,-5.641538
2017-01-20,sh.600000,16.6000,6.758384,1.087824,2.231849,-5.662004
2017-01-23,sh.600000,16.5700,6.746170,1.085858,2.227815,-5.651771
2017-01-24,sh.600000,16.6900,6.795026,1.093722,2.243949,-5.692701
2017-01-25,sh.600000,16.6900,6.795026,1.093722,2.243949,-5.692701
2017-01-26,sh.600000,16.7400,6.815383,1.096999,2.250672,-5.709755
2017-02-03,sh.600000,16.6300,6.770598,1.089790,2.235882,-5.672236
2017-02-06,sh.600000,16.6600,6.782812,1.091756,2.239916,-5.682469
2017-02-07,sh.600000,16.6700,6.786883,1.092412,2.241260,-5.685879
2017-02-08,sh.600000,16.6700,6.786883,1.092412,2.241260,-5.685879
2017-02-09,sh.600000,16.7200,6.807240,1.095688,2.247983,-5.702934
2017-02-10,sh.600000,16.7800,6.831668,1.099620,2.256050,-5.723399
2017-02-13,sh.600000,16.8500,6.860167,1.104207,2.265461,-5.747275
2017-02-14,sh.600000,16.7500,6.819454,1.097654,2.252016,-5.713166
2017-02-15,sh.600000,16.8400,6.856096,1.103552,2.264117,-5.743864
2017-02-16,sh.600000,16.7800,6.831668,1.099620,2.256050,-5.723399
2017-02-17,sh.600000,16.6400,6.774670,1.090446,2.237227,-5.675647
2017-02-20,sh.600000,16.9100,6.884595,1.108139,2.273528,-5.767740
2017-02-21,sh.600000,16.8800,6.872381,1.106173,2.269495,-5.757507
2017-02-22,sh.600000,16.7500,6.819454,1.097654,2.252016,-5.713166
2017-02-23,sh.600000,16.6900,6.795026,1.093722,2.243949,-5.692701
2017-02-24,sh.600000,16.7100,6.803169,1.095033,2.246638,-5.699523
2017-02-27,sh.600000,16.5900,6.754313,1.087169,2.230504,-5.658593
2017-02-28,sh.600000,16.5900,6.754313,1.087169,2.230504,-5.658593
2017-03-01,sh.600000,16.5600,6.742099,1.085203,2.226471,-5.648360
2017-03-02,sh.600000,16.4100,6.681029,1.075373,2.206304,-5.597197
2017-03-03,sh.600000,16.3500,6.656601,1.071441,2.198237,-5.576732
2017-03-06,sh.600000,16.4100,6.681029,1.075373,2.206304,-5.597197
2017-03-07,sh.600000,16.4300,6.689172,1.076684,2.208993,-5.604019
2017-03-08,sh.600000,16.3900,6.672887,1.074063,2.203615,-5.590376
2017-03-09,sh.600000,16.2200,6.603674,1.062922,2.180758,-5.532391
2017-03-10,sh.600000,16.2300,6.607746,1.063578,2.182103,-5.535802
2017-03-13,sh.600000,16.3400,6.652530,1.070786,2.196892,-5.573322
2017-03-14,sh.600000,16.2600,6.619960,1.065544,2.186136,-5.546035
2017-03-15,sh.600000,16.2400,6.611817,1.064233,2.183447,-5.539213
2017-03-16,sh.600000,16.2900,6.632173,1.067510,2.190170,-5.556267
2017-03-17,sh.600000,16.2000,6.595532,1.061612,2.178069,-5.525570
2017-03-20,sh.600000,16.1400,6.571104,1.057680,2.170002,-5.505105
2017-03-21,sh.600000,16.0000,6.514105,1.048505,2.151180,-5.457353
2017-03-22,sh.600000,15.7800,6.424536,1.034088,2.121601,-5.382314
2017-03-23,sh.600000,15.8800,6.465250,1.040642,2.135046,-5.416423
2017-03-24,sh.600000,15.9600,6.497820,1.045884,2.145802,-5.443709
2017-03-27,sh.600000,16.0400,6.530391,1.051127,2.156558,-5.470996
2017-03-28,sh.600000,16.0100,6.518177,1.049161,2.152524,-5.460764
2017-03-29,sh.600000,15.8700,6.461178,1.039986,2.133701,-5.413012
2017-03-30,sh.600000,15.8100,6.436750,1.036054,2.125634,-5.392547
2017-03-31,sh.600000,16.0100,6.518177,1.049161,2.152524,-5.460764
2017-04-05,sh.600000,16.1600,6.579246,1.033501,2.172691,-20.221776
2017-04-06,sh.600000,16.1000,6.554818,1.029664,2.164625,-20.146695
2017-04-07,sh.600000,16.1000,6.554818,1.029664,2.164625,-20.146695
2017-04-10,sh.600000,15.9700,6.501891,1.021350,2.147146,-19.984020
2017-04-11,sh.600000,15.8900,6.469321,1.016234,2.136390,-19.883912
2017-04-12,sh.600000,15.8900,6.469321,1.016234,2.136390,-19.883912
2017-04-13,sh.600000,15.7500,6.412322,1.007280,2.117567,-19.708724
2017-04-14,sh.600000,15.5100,6.314611,0.991931,2.085300,-19.408400
2017-04-17,sh.600000,15.5600,6.334967,0.995129,2.092022,-19.470968
2017-04-18,sh.600000,15.3000,6.229113,0.978501,2.057066,-19.145617
2017-04-19,sh.600000,15.1100,6.151758,0.966349,2.031520,-18.907861
2017-04-20,sh.600000,14.9100,6.070332,0.953559,2.004631,-18.657592
2017-04-21,sh.600000,15.0500,6.127330,0.962512,2.023453,-18.832780
2017-04-24,sh.600000,15.0000,6.106974,0.959314,2.016731,-18.770213
2017-04-25,sh.600000,15.0500,6.127330,0.962512,2.023453,-18.832780
2017-04-26,sh.600000,15.0500,6.127330,0.962512,2.023453,-18.832780
2017-04-27,sh.600000,15.2100,6.130130,0.939090,2.042818,-2.982386
2017-04-28,sh.600000,15.2100,6.130130,0.939090,2.042818,-2.982386
2017-05-02,sh.600000,15.1600,6.109978,0.936003,2.036103,-2.972582
2017-05-03,sh.600000,15.0800,6.077736,0.931064,2.025358,-2.956896
2017-05-04,sh.600000,14.9800,6.037432,0.924890,2.011927,-2.937288
2017-05-05,sh.600000,14.9200,6.013250,0.921185,2.003869,-2.925523
2017-05-08,sh.600000,14.8600,5.989068,0.917481,1.995810,-2.913758
2017-05-09,sh.600000,14.7600,5.948765,0.911307,1.982380,-2.894150
2017-05-10,sh.600000,14.6100,5.888310,0.902045,1.962234,-2.864738
2017-05-11,sh.600000,14.7500,5.944735,0.910689,1.981037,-2.892189
2017-05-12,sh.600000,15.2100,6.130130,0.939090,2.042818,-2.982386
2017-05-15,sh.600000,15.2700,6.154312,0.942795,2.050877,-2.994151
2017-05-16,sh.600000,15.2700,6.154312,0.942795,2.050877,-2.994151
2017-05-17,sh.600000,15.2100,6.130130,0.939090,2.042818,-2.982386
2017-05-18,sh.600000,15.0100,6.049523,0.926742,2.015957,-2.943170
2017-05-19,sh.600000,15.0200,6.053554,0.927359,2.017300,-2.945131
2017-05-22,sh.600000,15.0400,6.061614,0.928594,2.019986,-2.949052
2017-05-23,sh.600000,15.4300,6.218797,0.952674,2.072366,-3.025524
2017-05-24,sh.600000,15.4700,6.234918,0.955143,2.077738,-3.033367
2017-05-25,sh.600000,12.9300,6.774579,1.037815,2.257576,-3.295919
2017-05-26,sh.600000,12.8400,6.727425,1.030591,2.241862,-3.272978
2017-05-31,sh.600000,12.8400,6.727425,1.030591,2.241862,-3.272978
2017-06-01,sh.600000,12.9200,6.769340,1.037013,2.255830,-3.293370
2017-06-02,sh.600000,12.8900,6.753622,1.034605,2.250592,-3.285723
2017-06-05,sh.600000,12.8500,6.732664,1.031394,2.243608,-3.275527
2017-06-06,sh.600000,12.8000,6.706467,1.027381,2.234878,-3.262781
2017-06-07,sh.600000,12.8400,6.727425,1.030591,2.241862,-3.272978
2017-06-08,sh.600000,12.8400,6.727425,1.030591,2.241862,-3.272978
2017-06-09,sh.600000,12.9300,6.774579,1.037815,2.257576,-3.295919
2017-06-12,sh.600000,12.7800,6.695988,1.025776,2.231386,-3.257683
2017-06-13,sh.600000,12.5900,6.596439,1.010525,2.198212,-3.209251
2017-06-14,sh.600000,12.4600,6.528326,1.000091,2.175514,-3.176114
2017-06-15,sh.600000,12.3800,6.486411,0.993670,2.161546,-3.155721
2017-06-16,sh.600000,12.3500,6.470693,0.991262,2.156308,-3.148074
2017-06-19,sh.600000,12.4000,6.496890,0.995275,2.165038,-3.160820
2017-06-20,sh.600000,12.2900,6.439256,0.986446,2.145832,-3.132780
2017-06-21,sh.600000,12.3400,6.465453,0.990459,2.154562,-3.145525
2017-06-22,sh.600000,12.5700,6.585960,1.008920,2.194720,-3.204153
2017-06-23,sh.600000,12.6400,6.622636,1.014539,2.206942,-3.221997
2017-06-26,sh.600000,12.6400,6.622636,1.014539,2.206942,-3.221997
2017-06-27,sh.600000,12.7000,6.654073,1.019354,2.217418,-3.237291
2017-06-28,sh.600000,12.7900,6.701227,1.026578,2.233132,-3.260232
2017-06-29,sh.600000,12.7600,6.685509,1.024170,2.227894,-3.252585
2017-06-30,sh.600000,12.6500,6.627875,1.015341,2.208688,-3.224546
2017-07-03,sh.600000,12.5600,6.580721,1.008118,2.192974,-3.201604
2017-07-04,sh.600000,12.5500,6.575481,1.007315,2.191228,-3.199055
2017-07-05,sh.600000,12.6200,6.612157,1.012933,2.203450,-3.216899
2017-07-06,sh.600000,12.6600,6.633115,1.016144,2.210434,-3.227095
2017-07-07,sh.600000,12.6000,6.601678,1.011328,2.199958,-3.211800
2017-07-10,sh.600000,12.5300,6.565002,1.005710,2.187736,-3.193957
2017-07-11,sh.600000,12.8000,6.706467,1.027381,2.234878,-3.262781
2017-07-12,sh.600000,12.8600,6.737903,1.032197,2.245354,-3.278076
2017-07-13,sh.600000,13.2700,6.952720,1.065105,2.316940,-3.382587
2017-07-14,sh.600000,13.5900,7.120382,1.090790,2.372812,-3.464156
2017-07-17,sh.600000,13.7600,7.209452,1.104434,2.402494,-3.507490
2017-07-18,sh.600000,13.5500,7.099424,1.087579,2.365828,-3.453960
2017-07-19,sh.600000,13.6900,7.172776,1.098816,2.390272,-3.489647
2017-07-20,sh.600000,13.6200,7.136100,1.093197,2.378050,-3.471803
2017-07-21,sh.600000,13.4500,7.047030,1.079553,2.348368,-3.428470
2017-07-24,sh.600000,13.6700,7.162297,1.097211,2.386780,-3.484549
2017-07-25,sh.600000,13.5100,7.078466,1.084368,2.358844,-3.443764
2017-07-26,sh.600000,13.3800,7.010354,1.073934,2.336146,-3.410626
2017-07-27,sh.600000,13.3800,7.010354,1.073934,2.336146,-3.410626
2017-07-28,sh.600000,13.4700,7.057509,1.081158,2.351860,-3.433568
2017-07-31,sh.600000,13.3600,6.999875,1.072329,2.332654,-3.405528
2017-08-01,sh.600000,13.4300,7.036551,1.077947,2.344876,-3.423371
2017-08-02,sh.600000,13.4400,7.041790,1.078750,2.346622,-3.425920
2017-08-03,sh.600000,13.0800,6.853171,1.049855,2.283766,-3.334155
2017-08-04,sh.600000,12.8700,6.743143,1.032999,2.247100,-3.280625
2017-08-07,sh.600000,12.9300,6.774579,1.037815,2.257576,-3.295919
2017-08-08,sh.600000,12.8700,6.743143,1.032999,2.247100,-3.280625
2017-08-09,sh.600000,12.7600,6.685509,1.024170,2.227894,-3.252585
2017-08-10,sh.600000,12.7900,6.701227,1.026578,2.233132,-3.260232
2017-08-11,sh.600000,12.6800,6.643594,1.017749,2.213926,-3.232193
2017-08-14,sh.600000,12.5600,6.580721,1.008118,2.192974,-3.201604
2017-08-15,sh.600000,12.5900,6.596439,1.010525,2.198212,-3.209251
2017-08-16,sh.600000,12.4900,6.544045,1.002499,2.180752,-3.183761
2017-08-17,sh.600000,12.5300,6.565002,1.005710,2.187736,-3.193957
2017-08-18,sh.600000,12.5100,6.554524,1.004104,2.184244,-3.188859
2017-08-21,sh.600000,12.5100,6.554524,1.004104,2.184244,-3.188859
2017-08-22,sh.600000,12.4300,6.512608,0.997683,2.170276,-3.168467
2017-08-23,sh.600000,12.5700,6.585960,1.008920,2.194720,-3.204153
2017-08-24,sh.600000,12.4700,6.533566,1.000894,2.177260,-3.178663
2017-08-25,sh.600000,12.7800,6.695988,1.025776,2.231386,-3.257683
2017-08-28,sh.600000,12.8900,6.753622,1.034605,2.250592,-3.285723
2017-08-29,sh.600000,12.9600,6.790298,1.040223,2.262814,-3.303566
2017-08-30,sh.600000,12.8700,6.637344,1.012985,2.233046,-2.819094
2017-08-31,sh.600000,12.7100,6.554829,1.000392,2.205285,-2.784047
2017-09-01,sh.600000,12.7700,6.585772,1.005114,2.215696,-2.797190
2017-09-04,sh.600000,12.7800,6.883686,1.050582,2.315925,-2.923724
2017-09-05,sh.600000,13.0300,7.018343,1.071133,2.361228,-2.980917
2017-09-06,sh.600000,12.9600,6.980639,1.065378,2.348543,-2.964903
2017-09-07,sh.600000,12.8500,6.921390,1.056336,2.328610,-2.939738
2017-09-08,sh.600000,13.0300,7.018343,1.071133,2.361228,-2.980917
2017-09-11,sh.600000,12.9900,6.996798,1.067845,2.353980,-2.971766
2017-09-12,sh.600000,13.0400,7.023730,1.071955,2.363041,-2.983205
2017-09-13,sh.600000,12.8700,6.932163,1.057980,2.332234,-2.944313
2017-09-14,sh.600000,12.8500,6.921390,1.056336,2.328610,-2.939738
2017-09-15,sh.600000,12.8300,6.910618,1.054692,2.324985,-2.935162
2017-09-18,sh.600000,12.9100,6.953708,1.061268,2.339483,-2.953464
2017-09-19,sh.600000,12.9000,6.948322,1.060446,2.337670,-2.951176
2017-09-20,sh.600000,12.8800,6.937549,1.058802,2.334046,-2.946601
2017-09-21,sh.600000,12.8700,6.932163,1.057980,2.332234,-2.944313
2017-09-22,sh.600000,12.8900,6.942935,1.059624,2.335858,-2.948889
2017-09-25,sh.600000,12.9400,6.969867,1.063734,2.344919,-2.960327
2017-09-26,sh.600000,12.8600,6.926776,1.057158,2.330422,-2.942025
2017-09-27,sh.600000,12.8500,6.921390,1.056336,2.328610,-2.939738
2017-09-28,sh.600000,12.8400,6.916004,1.055514,2.326798,-2.937450
2017-09-29,sh.600000,12.8700,6.932163,1.057980,2.332234,-2.944313
2017-10-09,sh.600000,13.0400,7.023730,1.071955,2.363041,-2.983205
2017-10-10,sh.600000,13.1000,7.056048,1.076887,2.373913,-2.996931
2017-10-11,sh.600000,13.0600,7.034502,1.073599,2.366665,-2.987780
2017-10-12,sh.600000,13.0500,7.029116,1.072777,2.364853,-2.985492
2017-10-13,sh.600000,12.9400,6.969867,1.063734,2.344919,-2.960327
2017-10-16,sh.600000,13.0400,7.023730,1.071955,2.363041,-2.983205
2017-10-17,sh.600000,12.9900,6.996798,1.067845,2.353980,-2.971766
2017-10-18,sh.600000,13.0700,7.039889,1.074421,2.368477,-2.990068
2017-10-19,sh.600000,13.1300,7.072206,1.079353,2.379350,-3.003794
2017-10-20,sh.600000,13.0100,7.007571,1.069489,2.357604,-2.976341
2017-10-23,sh.600000,12.8400,6.916004,1.055514,2.326798,-2.937450
2017-10-24,sh.600000,12.8600,6.926776,1.057158,2.330422,-2.942025
2017-10-25,sh.600000,12.9000,6.948322,1.060446,2.337670,-2.951176
2017-10-26,sh.600000,12.8200,6.905231,1.053870,2.323173,-2.932875
2017-10-27,sh.600000,12.8500,6.921390,1.056336,2.328610,-2.939738
2017-10-30,sh.600000,12.7000,6.863898,0.962145,2.264271,-2.002360
2017-10-31,sh.600000,12.6100,6.815256,0.955326,2.248225,-1.988170
2017-11-01,sh.600000,12.5400,6.777423,0.950023,2.235744,-1.977134
2017-11-02,sh.600000,12.5300,6.772019,0.949266,2.233962,-1.975557
2017-11-03,sh.600000,12.5800,6.799042,0.953054,2.242876,-1.983440
2017-11-06,sh.600000,12.4700,6.739591,0.944720,2.223264,-1.966097
2017-11-07,sh.600000,12.5400,6.777423,0.950023,2.235744,-1.977134
2017-11-08,sh.600000,12.5800,6.799042,0.953054,2.242876,-1.983440
2017-11-09,sh.600000,12.5500,6.782828,0.950781,2.237527,-1.978710
2017-11-10,sh.600000,12.6300,6.826065,0.956842,2.251791,-1.991324
2017-11-13,sh.600000,12.8000,6.917944,0.969721,2.282100,-2.018127
2017-11-14,sh.600000,12.6000,6.809851,0.954569,2.246442,-1.986594
2017-11-15,sh.600000,12.6000,6.809851,0.954569,2.246442,-1.986594
2017-11-16,sh.600000,12.3900,6.696354,0.938659,2.209001,-1.953484
2017-11-17,sh.600000,12.7800,6.907135,0.968205,2.278534,-2.014974
2017-11-20,sh.600000,12.8500,6.944967,0.973509,2.291014,-2.026010
2017-11-21,sh.600000,12.9400,6.993609,0.980327,2.307060,-2.040200
2017-11-22,sh.600000,13.2300,7.150344,1.002297,2.358764,-2.085923
2017-11-23,sh.600000,13.0600,7.058465,0.989418,2.328455,-2.059120
2017-11-24,sh.600000,13.0900,7.074679,0.991691,2.333803,-2.063850
2017-11-27,sh.600000,13.1000,7.080083,0.992448,2.335586,-2.065427
2017-11-28,sh.600000,12.9400,6.993609,0.980327,2.307060,-2.040200
2017-11-29,sh.600000,12.9400,6.993609,0.980327,2.307060,-2.040200
2017-11-30,sh.600000,12.9100,6.977395,0.978054,2.301711,-2.035470
2017-12-01,sh.600000,12.9100,6.977395,0.978054,2.301711,-2.035470
2017-12-04,sh.600000,12.9200,6.982800,0.978812,2.303494,-2.037047
2017-12-05,sh.600000,13.1700,7.117916,0.997752,2.348067,-2.076463
2017-12-06,sh.600000,12.9600,7.004418,0.981842,2.310626,-2.043354
2017-12-07,sh.600000,12.9600,7.004418,0.981842,2.310626,-2.043354
2017-12-08,sh.600000,12.9300,6.988205,0.979569,2.305277,-2.038624
2017-12-11,sh.600000,12.9700,7.009823,0.982600,2.312409,-2.044930
2017-12-12,sh.600000,12.7500,6.890921,0.965933,2.273185,-2.010244
2017-12-13,sh.600000,12.7400,6.885516,0.965175,2.271402,-2.008667
2017-12-14,sh.600000,12.6900,6.858493,0.961387,2.262488,-2.000784
2017-12-15,sh.600000,12.6200,6.820661,0.956084,2.250008,-1.989747
2017-12-18,sh.600000,12.6500,6.836874,0.958357,2.255356,-1.994477
2017-12-19,sh.600000,12.7500,6.890921,0.965933,2.273185,-2.010244
2017-12-20,sh.600000,12.7300,6.880112,0.964417,2.269619,-2.007090
2017-12-21,sh.600000,12.7000,6.863898,0.962145,2.264271,-2.002360
2017-12-22,sh.600000,12.6200,6.820661,0.956084,2.250008,-1.989747
2017-12-25,sh.600000,12.5900,6.804447,0.953811,2.244659,-1.985017
2017-12-26,sh.600000,12.6400,6.831470,0.957599,2.253573,-1.992900
2017-12-27,sh.600000,12.6200,6.820661,0.956084,2.250008,-1.989747
2017-12-28,sh.600000,12.5400,6.777423,0.950023,2.235744,-1.977134
2017-12-29,sh.600000,12.5900,6.804447,0.953811,2.244659,-1.985017
